{"acc": 0.9027777862548828, "maple_pf": 0.010308043915239115, "maple_nf": 0.021212424887596202, "maple_s": 0.07582557415072277, "lime_pf": 0.012003210396994516, "lime_nf": 0.012145363372961378, "lime_s": 0.0006377908362771921}