{"acc": 78.07017517089844, "maple_pf": 0.007336765280408513, "maple_nf": 0.011633916065460274, "maple_s": 0.05606473654683801, "lime_pf": 0.003363844434723122, "lime_nf": 0.003480825154487082, "lime_s": 0.0005007456523750607}