,test_acc,variance,maple_standard_metric,maple_causal_metric,maple_stability_metric,lime_standard_metric,lime_causal_metric,lime_stability_metric
autompgs,0.12812785431742668,[0.00456224],[0.00363778],[0.00392898],[0.00403426],[0.02284887],[0.02286215],[0.00041167]
communities,0.5697893708944322,[0.00591979],[0.09267596],[0.16783764],[0.60366762],[0.06656567],[0.06753348],[0.01497189]
day,0.001247479364974424,[0.00641938],[0.00090248],[0.00102148],[0.00038224],[0.00085225],[0.00088181],[6.82538313e-05]
happiness,0.0005917057365877554,[0.04427625],[0.00027311],[0.00028524],[6.63847008e-06],[0.00059835],[0.00061896],[3.94512331e-05]
housing,0.14076292961835862,[0.00642692],[0.02586059],[0.02916078],[0.04954872],[0.05907734],[0.06002193],[0.00221162]
music,0.7730870127677918,[0.0056879],[0.1499675],[0.1570861],[0.06797377],[0.0980892],[0.09925622],[0.01324645]
winequality-red,0.6424030423164367,[0.00337487],[0.00633082],[0.00658943],[0.00192583],[0.01366353],[0.01380605],[0.00064746]
