,test_acc,maple_standard_metric,maple_causal_metric,maple_stability_metric,lime_standard_metric,lime_causal_metric,lime_stability_metric
autompgs,0.15510216280817984,[0.01322568],[0.01466502],[0.00873665],[0.03332478],[0.03403638],[0.00103158]
communities,0.5409040391445159,[0.06847369],[0.12000274],[0.42311619],[0.06165179],[0.0628395],[0.01226623]
day,0.00032336079930246343,[0.00015245],[0.00020554],[0.00025639],[0.00028339],[0.00030847],[5.74854777e-05]
happiness,4.483462162170327e-05,[1.78342253e-05],[1.95134217e-05],[9.03331916e-07],[0.0001613],[0.00016997],[2.2968985e-05]
housing,0.13973444625735282,[0.04071541],[0.04660971],[0.101778],[0.08208904],[0.08438419],[0.00329118]
music,0.6980926275253295,[0.19620506],[0.20313878],[0.09753697],[0.12535629],[0.1270076],[0.01506855]
winequality-red,0.6222854077816009,[0.0073806],[0.00767614],[0.0020192],[0.01107238],[0.01129634],[0.00057062]
