,test_acc,variance,maple_standard_metric,maple_causal_metric,maple_stability_metric,lime_standard_metric,lime_causal_metric,lime_stability_metric
autompgs,0.12972448170185089,[0.00555006],[0.0102292],[0.01151191],[0.01036989],[0.03348592],[0.03385906],[0.00095604]
communities,0.5502675294876098,[0.00537498],[0.10175241],[0.18669026],[0.67171985],[0.0642027],[0.06453125],[0.01207885]
day,0.0015474344490939986,[0.00687864],[0.00146581],[0.00164833],[0.00027623],[0.00127482],[0.00134943],[0.00017278]
housing,0.1381551668047905,[0.00892572],[0.04129617],[0.05181901],[0.32492759],[0.1007463],[0.10200669],[0.00278506]
music,0.7048324465751649,[0.00490757],[0.14138971],[0.14794884],[0.04119575],[0.0603211],[0.06082867],[0.00934225]
winequality-red,0.6278984189033509,[0.00462524],[0.01454375],[0.01524041],[0.00440475],[0.03252721],[0.03275845],[0.0014703]
