,test_acc,variance,maple_standard_metric,maple_causal_metric,maple_stability_metric,lime_standard_metric,lime_causal_metric,lime_stability_metric
autompgs,0.03388983730023097,[0.0008599],[0.01043376],[0.01164218],[0.00826733],[0.01070743],[0.01111082],[0.00052959]
communities,0.07788417736474959,[0.001085],[0.04720052],[0.08164298],[0.22225226],[0.03406358],[0.03434704],[0.00667115]
day,0.00015081223441779394,[0.00028668],[8.83299216e-05],[9.74300051e-05],[7.35109231e-05],[5.96570323e-05],[6.23447789e-05],[4.72624753e-06]
happiness,0.0001542591997166523,[0.00369117],[0.00014251],[0.00012789],[1.12229211e-06],[0.00055064],[0.0005889],[0.00011364]
housing,0.04696416156227293,[0.00170741],[0.02131078],[0.02430144],[0.057693],[0.01650712],[0.01706906],[0.00126975]
music,0.08368410662282362,[0.00061708],[0.05237351],[0.05436804],[0.03333616],[0.02386244],[0.02375782],[0.00198474]
winequality-red,0.04185884908264968,[0.00208013],[0.01919991],[0.01979724],[0.00441761],[0.03118545],[0.03142704],[0.00148435]
