,test_acc,standard_metric,causal_metric,stability_metric
autompgs,0.17828996852040294,0.06418179826768905,0.06855347058204933,0.03985879343623124
communities,0.6010479509830474,0.27574213972694067,0.4287487164718058,1.2396290514735493
crimes,1.0163976676762103,0.06407189331417046,0.24188734420541214,0.863247038810851
day,0.0020958607972715987,0.0010787551653220412,0.0011992523582587222,0.000510973473003939
happiness,0.002925899081674288,0.0008610636043410124,0.0009675596326763681,1.0724996056546184e-05
housing,0.16195694208145142,0.10684978594184372,0.12110645236077096,0.22195629910527312
music,0.9325283408164978,0.43054376305438513,0.4413877697142858,0.11642117440942536
winequality-red,0.7959379851818084,0.1898281330496584,0.1948235607215832,0.017272732923292147
