,test_acc,variance,maple_standard_metric,maple_causal_metric,maple_stability_metric,lime_standard_metric,lime_causal_metric,lime_stability_metric
autompgs,0.15457342341542243,[0.00661483],[0.02538453],[0.02777004],[0.02073703],[0.04422079],[0.04510097],[0.00159048]
communities,0.5175668239593506,[0.0046846],[0.12497832],[0.21216923],[0.65527977],[0.09690252],[0.09798195],[0.01873016]
day,0.0001590128511452349,[0.00723659],[8.70828427e-05],[0.00010003],[7.7145029e-05],[0.00012626],[0.0001306],[1.08455802e-05]
happiness,0.0001319777007438461,[0.04650523],[9.49888023e-05],[9.22810198e-05],[8.09310976e-07],[0.00108232],[0.00114223],[0.00020537]
housing,0.15513317435979843,[0.00662559],[0.03971224],[0.04461589],[0.08984116],[0.0695482],[0.0714423],[0.00316606]
music,0.7393735647201538,[0.00409724],[0.18632818],[0.19360132],[0.06928035],[0.10457157],[0.10482578],[0.0105931]
winequality-red,0.664477276802063,[0.00750036],[0.05551063],[0.05785178],[0.01123089],[0.08823976],[0.08955105],[0.00418936]
