,test_acc,variance,maple_standard_metric,maple_causal_metric,maple_stability_metric,lime_standard_metric,lime_causal_metric,lime_stability_metric
autompgs,0.027428531427960902,[0.00060347],[0.0011464],[0.00116812],[0.00180566],[0.00382988],[0.00377675],[9.57712819e-05]
communities,0.04797928115939424,[0.00092184],[0.02784579],[0.05454406],[0.19557821],[0.01640483],[0.01667455],[0.00337739]
day,0.0004522510335308395,[0.00022251],[0.00029766],[0.00033917],[0.00026356],[0.00029262],[0.00028552],[1.84755184e-05]
happiness,0.00025761974710284666,[0.00399576],[7.39233669e-05],[7.64911188e-05],[2.98957417e-06],[0.00019755],[0.00019314],[1.00257583e-05]
housing,0.03264473023307436,[0.00162783],[0.01154513],[0.0120136],[0.02101737],[0.01490558],[0.01556188],[0.00085198]
music,0.12218469868467703,[0.00105933],[0.02786379],[0.0291083],[0.03558906],[0.0223697],[0.02270196],[0.00320514]
winequality-red,0.07698812421626403,[0.00044505],[0.00268931],[0.00280705],[0.00079238],[0.00439207],[0.00439909],[0.00018656]
