,test_acc,maple_standard_metric,maple_causal_metric,maple_stability_metric,lime_standard_metric,lime_causal_metric,lime_stability_metric
autompgs,0.02533471789724809,[0.00672929],[0.00688265],[0.00404584],[0.00733034],[0.00763115],[0.00024871]
communities,0.05126942280334971,[0.02743543],[0.05160904],[0.21701078],[0.02779123],[0.02818875],[0.00462397]
day,0.00035604404179281034,[0.00016113],[0.00020749],[0.0003227],[0.00018654],[0.00020223],[7.49636396e-05]
happiness,4.051530446437445e-05,[1.42556567e-05],[1.55545594e-05],[6.78886984e-07],[0.00017587],[0.0001861],[2.55706414e-05]
housing,0.04565885668494135,[0.01508018],[0.01877553],[0.08269604],[0.02370755],[0.02461862],[0.00115523]
music,0.07564924974897762,[0.03172416],[0.03303525],[0.05610251],[0.02227707],[0.02295713],[0.00096826]
winequality-red,0.07252435007713147,[0.00186812],[0.00191116],[0.00071945],[0.00234677],[0.00240487],[0.0001409]
