,test_acc,standard_metric,causal_metric,stability_metric
autompgs,0.16980113238096237,0.04714611927111159,0.053625662826649885,0.05972289223888794
communities,0.6069248616695404,0.25368902409133876,0.41023134364509245,1.3495141038796572
crimes,409.78108366727827,264.3537575401686,304.2209741755039,873.683201726583
day,0.0007107319834176451,0.0001597289765446937,0.00019563802657576452,8.821526368225773e-05
happiness,0.0016337155422661456,0.00016181096136628952,0.00017260385283079298,9.190472681297034e-06
housing,0.16700616776943203,0.09845973188640288,0.11209977542391875,0.241366278463968
music,1.0062396585941316,0.3148648544840644,0.3303318799318893,0.11920704115414395
winequality-red,0.8522503733634949,0.19070770688218744,0.19862886091653703,0.019812154929640925
