,test_acc,standard_metric,causal_metric,stability_metric
autompgs,0.14944242015480996,[0.00190981],[0.00238951],[0.00190981]
communities,0.568817600607872,[0.97048657],[0.23818326],[0.97048657]
day,0.00037221381280687637,[0.00029424],[0.00024629],[0.00029424]
happiness,4.55035363756906e-05,[7.63680187e-07],[4.92160741e-05],[7.63680187e-07]
housing,0.15285533517599106,[0.09992496],[0.05461987],[0.09992496]
music,0.7858496606349945,[0.02195174],[0.08161018],[0.02195174]
winequality-red,0.6278881311416626,[0.00787705],[0.03538152],[0.00787705]
