{"autompgs": {"TF/autompgs/[100]/0.0001/2500.0/trial_avg": 0.14361122498909631, "TF/autompgs/[100]/0.0001/5000.0/trial_avg": 0.1367621123790741, "TF/autompgs/[100]/0.0001/7500.0/trial_avg": 0.14702637245257696, "TF/autompgs/[100]/0.0001/10000.0/trial_avg": 0.1533118337392807, "TF/autompgs/[100]/0.0001/25000.0/trial_avg": 0.13127540548642477, "TF/autompgs/[100]/0.0001/50000.0/trial_avg": 0.15108573933442435, "TF/autompgs/[100]/0.0001/75000.0/trial_avg": 0.17856435974438986}, "communities": {"TF/communities/[250, 250, 250]/0.001/2500.0/trial_avg": 0.5199316143989563, "TF/communities/[250, 250, 250]/0.001/5000.0/trial_avg": 0.6027178963025411, "TF/communities/[250, 250, 250]/0.001/7500.0/trial_avg": 0.5608739654223124, "TF/communities/[250, 250, 250]/0.001/10000.0/trial_avg": 0.6576591531435648, "TF/communities/[250, 250, 250]/0.001/25000.0/trial_avg": 0.5851227641105652, "TF/communities/[250, 250, 250]/0.001/50000.0/trial_avg": 0.6769898533821106, "TF/communities/[250, 250, 250]/0.001/75000.0/trial_avg": 0.6966358423233032}, "day": {"TF/day/[250, 250, 250]/0.001/2500.0/trial_avg": 0.0007412507887541627, "TF/day/[250, 250, 250]/0.001/5000.0/trial_avg": 0.0004279157534862558, "TF/day/[250, 250, 250]/0.001/7500.0/trial_avg": 0.000805419030560491, "TF/day/[250, 250, 250]/0.001/10000.0/trial_avg": 0.00222770525336576, "TF/day/[250, 250, 250]/0.001/25000.0/trial_avg": 0.001947050797753036, "TF/day/[250, 250, 250]/0.001/50000.0/trial_avg": 0.01898519912113746, "TF/day/[250, 250, 250]/0.001/75000.0/trial_avg": 0.006551362690515816}, "happiness": {"TF/happiness/[250, 250]/0.001/2500.0/trial_avg": 3.0574430638807826e-05, "TF/happiness/[250, 250]/0.001/5000.0/trial_avg": 3.5263178991347864e-05, "TF/happiness/[250, 250]/0.001/7500.0/trial_avg": 6.334559354096807e-06, "TF/happiness/[250, 250]/0.001/10000.0/trial_avg": 1.6068746693539044e-05, "TF/happiness/[250, 250]/0.001/25000.0/trial_avg": 0.000254147998020926, "TF/happiness/[250, 250]/0.001/50000.0/trial_avg": 1.6520572899025865e-05, "TF/happiness/[250, 250]/0.001/75000.0/trial_avg": 4.4277822477549e-05}, "housing": {"TF/housing/[200, 200, 200]/0.0001/2500.0/trial_avg": 0.13470463454723358, "TF/housing/[200, 200, 200]/0.0001/5000.0/trial_avg": 0.10811089475949605, "TF/housing/[200, 200, 200]/0.0001/7500.0/trial_avg": 0.11061692734559377, "TF/housing/[200, 200, 200]/0.0001/10000.0/trial_avg": 0.13706629226605097, "TF/housing/[200, 200, 200]/0.0001/25000.0/trial_avg": 0.1371820569038391, "TF/housing/[200, 200, 200]/0.0001/50000.0/trial_avg": 0.1861027181148529, "TF/housing/[200, 200, 200]/0.0001/75000.0/trial_avg": 0.2136790156364441}, "music": {"TF/music/[250, 250, 250]/0.001/2500.0/trial_avg": 0.766715387503306, "TF/music/[250, 250, 250]/0.001/5000.0/trial_avg": 0.6933695872624716, "TF/music/[250, 250, 250]/0.001/7500.0/trial_avg": 0.718274732430776, "TF/music/[250, 250, 250]/0.001/10000.0/trial_avg": 0.7177217205365499, "TF/music/[250, 250, 250]/0.001/25000.0/trial_avg": 0.7176638046900431, "TF/music/[250, 250, 250]/0.001/50000.0/trial_avg": 0.6797701319058737, "TF/music/[250, 250, 250]/0.001/75000.0/trial_avg": 0.7847396930058798}, "winequality-red": {"TF/winequality-red/[100, 100, 100]/0.0001/2500.0/trial_avg": 0.5776874621709188, "TF/winequality-red/[100, 100, 100]/0.0001/5000.0/trial_avg": 0.5915511647860209, "TF/winequality-red/[100, 100, 100]/0.0001/7500.0/trial_avg": 0.5955884456634521, "TF/winequality-red/[100, 100, 100]/0.0001/10000.0/trial_avg": 0.6167355378468832, "TF/winequality-red/[100, 100, 100]/0.0001/25000.0/trial_avg": 0.6442766388257345, "TF/winequality-red/[100, 100, 100]/0.0001/50000.0/trial_avg": 0.6268543402353922, "TF/winequality-red/[100, 100, 100]/0.0001/75000.0/trial_avg": 0.6133477290471395}}