"Dataset","Acc","Standard","Causal","Stability"
"autompgs",0.1698,0.04715,0.05363,0.05972
"communities",0.60692,0.25369,0.41023,1.34951
"crimes",409.78108,264.35376,304.22097,873.6832
"day",0.00071,0.00016,2e-04,9e-05
"happiness",0.00163,0.00016,0.00017,1e-05
"housing",0.16701,0.09846,0.1121,0.24137
"music",1.00624,0.31486,0.33033,0.11921
"winequality-red",0.85225,0.19071,0.19863,0.01981
