{"lr": [0.6291862007423669, 0.0], "rf": [0.6315424701488783, 0.0], "dt": [1.157663424001101, 0.0]}