{"msd": {"TF/msd/[100]/0.001/trial_avg": 0.5917026996612549, "TF/msd/[200]/0.001/trial_avg": 0.6014777839183807, "TF/msd/[300]/0.001/trial_avg": 0.5930819690227509, "TF/msd/[400]/0.001/trial_avg": 0.5963103890419006, "TF/msd/[500]/0.001/trial_avg": 0.5935175240039825, "TF/msd/[100, 100]/0.001/trial_avg": 0.5904210865497589, "TF/msd/[200, 200]/0.001/trial_avg": 0.5985086560249329, "TF/msd/[300, 300]/0.001/trial_avg": 0.6082380771636963, "TF/msd/[400, 400]/0.001/trial_avg": 0.5907090961933136, "TF/msd/[500, 500]/0.001/trial_avg": 0.6105046153068543, "TF/msd/[100, 100, 100]/0.001/trial_avg": 0.5970849931240082, "TF/msd/[200, 200, 200]/0.001/trial_avg": 0.6055860757827759, "TF/msd/[300, 300, 300]/0.001/trial_avg": 0.5906018316745758, "TF/msd/[400, 400, 400]/0.001/trial_avg": 0.5944568812847137, "TF/msd/[500, 500, 500]/0.001/trial_avg": 0.590160483121872, "TF/msd/[100, 100, 100, 100]/0.001/trial_avg": 0.5925683796405792, "TF/msd/[200, 200, 200, 200]/0.001/trial_avg": 0.589820396900177, "TF/msd/[300, 300, 300, 300]/0.001/trial_avg": 0.5915628612041474, "TF/msd/[400, 400, 400, 400]/0.001/trial_avg": 0.5887088179588318, "TF/msd/[500, 500, 500, 500]/0.001/trial_avg": 0.5807117342948913, "TF/msd/[100, 100, 100, 100, 100]/0.001/trial_avg": 0.5577659964561462, "TF/msd/[200, 200, 200, 200, 200]/0.001/trial_avg": 0.61119145154953, "TF/msd/[300, 300, 300, 300, 300]/0.001/trial_avg": 0.6132435142993927, "TF/msd/[400, 400, 400, 400, 400]/0.001/trial_avg": 0.6061709940433502, "TF/msd/[500, 500, 500, 500, 500]/0.001/trial_avg": 0.6012127518653869}}