{"acc": 0.9305555725097656, "maple_pf": 0.0049085314010982135, "maple_nf": 0.015049942854140987, "maple_s": 0.12372975518078386, "lime_pf": 0.013860422188607632, "lime_nf": 0.014145121411383303, "lime_s": 0.0006197970998091}