{"acc": 95.6140365600586, "maple_pf": 0.004890827083602045, "maple_nf": 0.012875611948125271, "maple_s": 0.0655741881991079, "lime_pf": 0.0096029544932289, "lime_nf": 0.00999711326981294, "lime_s": 0.0009345210741023219}