{"lr": [0.3360844471520619, 5.765035914269842e-05], "rf": [0.19205474814494108, 0.15161807129984028], "dt": [0.3366916050531295, 0.3400078849914862]}