{"lr": [0.27154525509503114, 5.7933081220683976e-05], "rf": [0.17839750401102672, 0.1590558010626078], "dt": [0.3426117602770916, 0.3362899325438651]}