{"0.0": [0.16287235543131828, 0.14736637429923213], "0.0001": [0.16038384810090064, 0.12262452063252871], "0.001": [0.1634899467229843, 0.10635249106649695], "0.01": [0.18250402361154555, 0.05037467083581957], "0.1": [0.33555554449558256, 0.010659200917368836], "1.0": [0.6447260588407516, 0.0012273021371817642]}