{"0.0": [0.18311121165752411, 0.12092849332434144], "0.0001": [0.13267153799533843, 0.12604471364013306], "0.001": [0.13374893590807915, 0.09136351754842933], "0.01": [0.17312797978520394, 0.04457589743744572], "0.1": [0.2736903548240662, 0.012436529071518956], "0.25": [0.3261769413948059, 0.007627818972064601]}