{"acc": 0.8611111450195312, "standard": 1.2184022610002131e-15, "causal": 3.160149935865775e-05, "stability": 0.002053082956485418}