{"acc": 96.49122619628906, "maple_pf": 0.0030455902779789232, "maple_nf": 0.0163226258125551, "maple_s": 0.11164176508321211, "lime_pf": 0.0072030965688677255, "lime_nf": 0.007430952873759159, "lime_s": 0.0008752292413148928}