{"acc": 0.9027777862548828, "maple_pf": 0.0028234662591529337, "maple_nf": 0.014676533291480918, "maple_s": 0.159211334354843, "lime_pf": 0.01829885937938963, "lime_nf": 0.019035640271182146, "lime_s": 0.0006504169310511098}