{"acc": 0.9027777862548828, "standard": 8.896391280176653e-16, "causal": 4.0687296859687194e-05, "stability": 0.0017483661239768682}