{"acc": 0.9166666412353516, "standard": 1.0518688073064397e-15, "causal": 2.327360380149912e-05, "stability": 0.0022325383454295258}