,test_acc,maple_standard_metric,maple_causal_metric,maple_stability_metric,lime_standard_metric,lime_causal_metric,lime_stability_metric
autompgs,0.04264508720313942,[0.01641119],[0.01912318],[0.01400484],[0.03469425],[0.03492163],[0.00275905]
communities,0.03611649315425256,[0.01173855],[0.0345717],[0.40720749],[0.01192599],[0.01160378],[0.00414208]
day,9.63052950575958e-05,[9.02148327e-05],[9.67810231e-05],[4.89379866e-06],[0.00018816],[0.00018603],[1.55050105e-05]
happiness,0.00018284962017687222,[0.00018787],[0.00018546],[1.67131285e-07],[0.00011057],[0.0001228],[1.0922686e-05]
housing,0.03378835423115689,[0.019427],[0.02213498],[0.14987379],[0.04185245],[0.04019586],[0.00364581]
music,0.07549334354108694,[0.02171791],[0.02417652],[0.0661939],[0.02023011],[0.02002623],[0.00215339]
winequality-red,0.0967659008401834,[0.10265945],[0.10590186],[0.00647194],[0.13688599],[0.13770183],[0.00983734]
