,test_acc,maple_standard_metric,maple_causal_metric,maple_stability_metric,lime_standard_metric,lime_causal_metric,lime_stability_metric
autompgs,0.16591725796461104,[0.0401863],[0.04494376],[0.03411321],[0.0792702],[0.07988428],[0.0040315]
communities,0.4415753036737442,[0.16739469],[0.32392663],[1.4264446],[0.10730342],[0.10861469],[0.03844171]
day,0.0002616859652334824,[0.00025462],[0.00027761],[4.41369393e-06],[0.00031863],[0.00032717],[4.48004801e-05]
happiness,0.0003879564428643789,[0.0003782],[0.00037822],[1.44352957e-07],[0.00033635],[0.00035046],[2.39963628e-05]
housing,0.13123661652207375,[0.06391093],[0.07402328],[0.18095513],[0.1238116],[0.12607521],[0.00714128]
music,0.6825150549411773,[0.1805592],[0.18971325],[0.1477356],[0.10971993],[0.11100183],[0.0206923]
winequality-red,0.7230528235435486,[0.1475318],[0.15402513],[0.01509167],[0.23893447],[0.24120121],[0.01806412]
