,test_acc,variance,maple_standard_metric,maple_causal_metric,maple_stability_metric,lime_standard_metric,lime_causal_metric,lime_stability_metric
autompgs,0.1380032628774643,[0.00611395],[0.01648317],[0.01806492],[0.01636599],[0.03970682],[0.03968376],[0.00104642]
communities,0.5500272810459137,[0.00959228],[0.1445589],[0.26048699],[0.95063476],[0.09585627],[0.09750729],[0.02757156]
day,0.0018891685584094373,[0.00684257],[0.00188987],[0.0021067],[2.8567379e-07],[0.00178736],[0.0018285],[0.00027587]
housing,0.16896465718746187,[0.01049831],[0.04607193],[0.05406805],[0.12573955],[0.10350336],[0.10509607],[0.00423314]
music,0.7896107435226439,[0.00857072],[0.137032],[0.14596214],[0.04295121],[0.07262027],[0.07348078],[0.01675559]
winequality-red,0.6619856476783752,[0.00455903],[0.01648064],[0.01707184],[0.0044771],[0.03456356],[0.03485265],[0.00162793]
