,test_acc,standard_metric,causal_metric,stability_metric
autompgs,0.13420815728604796,[0.00981242],[0.01605281],[0.00981242]
communities,0.4407142594456674,[1.31784743],[0.32041855],[1.31784743]
day,0.00018490235961508004,[1.36347732e-06],[0.00019788],[1.36347732e-06]
happiness,0.000264195947238477,[5.87255033e-08],[0.00027305],[5.87255033e-08]
housing,0.15176144577562808,[0.23971894],[0.08343247],[0.23971894]
music,0.6773238837718962,[0.1209536],[0.20437353],[0.1209536]
winequality-red,0.7444372862577436,[0.01346447],[0.161694],[0.01346447]
