,lr_mse,lr_maple_standard_metric,lr_maple_causal_metric,lr_maple_stability_metric,lr_lime_standard_metric,lr_lime_causal_metric,lr_lime_stability_metric,rf_mse,rf_maple_standard_metric,rf_maple_causal_metric,rf_maple_stability_metric,rf_lime_standard_metric,rf_lime_causal_metric,rf_lime_stability_metric
autompgs,0.1960950053898684,[8.39530711e-10],[6.29309471e-06],[0.00023431],[5.60595032e-05],[5.64750631e-05],[1.37047492e-06],0.1515656524339625,[0.02463209],[0.02949174],[0.04049868],[0.08814465],[0.08415834],[0.00146285]
communities,0.6040244696115977,[7.4240582e-07],[9.16845903e-06],[9.70635469e-06],[1.89409114e-05],[0.00016397],[0.00070411],0.5316654561497703,[0.03439101],[0.03697315],[0.00841619],[0.07946639],[0.0769294],[0.01038231]
day,8.878470405556992e-31,[2.84769632e-11],[4.43705788e-11],[9.41694593e-11],[3.78540721e-05],[3.86510218e-05],[2.65775962e-06],0.00744254826145724,[0.0056614],[0.0061058],[0.00052108],[0.00913257],[0.00985228],[0.00093019]
happiness,2.483567270102401e-07,[6.65807902e-10],[7.40823357e-10],[1.04822735e-10],[3.71775532e-05],[4.13211437e-05],[8.36883635e-06],0.2078194776952492,[0.09230505],[0.10993498],[0.00484367],[0.08921013],[0.08198909],[0.00308651]
housing,0.29145528743530175,[1.16887703e-10],[2.61874269e-10],[7.00636541e-09],[4.97836381e-05],[5.92323623e-05],[1.898754e-05],0.16439025412749564,[0.04821667],[0.05524663],[0.09461101],[0.14015679],[0.13816103],[0.00529495]
music,0.8562102936492584,[6.19262082e-09],[1.36992632e-08],[4.42490215e-09],[8.77625646e-06],[4.7032767e-05],[0.00016738],0.34513032405311717,[0.1018885],[0.20499714],[0.04695254],[0.23542552],[0.27646088],[0.05887872]
winequality-red,0.632075600509296,[3.16432607e-11],[3.95156329e-11],[2.53458007e-11],[1.4670967e-05],[2.90188896e-05],[2.48654432e-05],0.5543432602375955,[0.04830929],[0.04462125],[0.01404798],[0.0892076],[0.07554434],[0.00274125]
