,lr_mse,lr_maple_standard_metric,lr_maple_causal_metric,lr_maple_stability_metric,lr_lime_standard_metric,lr_lime_causal_metric,lr_lime_stability_metric,rf_mse,rf_maple_standard_metric,rf_maple_causal_metric,rf_maple_stability_metric,rf_lime_standard_metric,rf_lime_causal_metric,rf_lime_stability_metric
autompgs,0.18546764528882273,[5.49664101e-10],[4.31904154e-06],[0.0001795],[3.20685339e-06],[3.21207371e-06],[1.1066938e-08],0.13064629457760454,[0.02478293],[0.02887112],[0.05039845],[0.09454511],[0.08990648],[0.00030039]
communities,0.6214242802808743,[7.41498636e-07],[1.04840834e-05],[1.01247924e-05],[1.37673675e-06],[5.71038931e-05],[8.46019883e-05],0.5248081514070696,[0.03792307],[0.04178018],[0.02291152],[0.1280568],[0.12062312],[0.00188678]
day,8.53741284577336e-31,[3.91284741e-11],[5.40653646e-11],[9.31825851e-11],[2.54847618e-06],[2.5757406e-06],[4.17102985e-08],0.007405182389158709,[0.00550194],[0.00697213],[0.00063795],[0.00988371],[0.01019796],[0.00018549]
happiness,2.538767239406441e-07,[6.47545786e-10],[7.19213983e-10],[1.08007541e-10],[1.42099174e-06],[1.52808272e-06],[5.29986286e-08],0.1987743936724867,[0.0883416],[0.09206597],[0.01010531],[0.08693961],[0.08115781],[0.00062146]
housing,0.29630780940391066,[1.35487148e-10],[3.17217976e-10],[7.91233128e-09],[7.67665394e-06],[1.56000318e-05],[8.65634818e-06],0.1558974789840881,[0.04261868],[0.04936124],[0.04424841],[0.15126207],[0.14618774],[0.00112986]
music,0.8385220835385864,[2.85782322e-09],[6.47495144e-09],[3.82897258e-09],[9.6633695e-07],[2.66697222e-06],[5.00422295e-06],0.3123277566873673,[0.12727659],[0.25815035],[0.06410045],[0.388336],[0.39696607],[0.01328789]
winequality-red,0.6395847831009764,[3.3072499e-11],[3.9740911e-11],[2.36778369e-11],[2.26948787e-06],[8.54962919e-06],[3.16356634e-06],0.5655593916635956,[0.05192227],[0.04691403],[0.01099327],[0.10044809],[0.08776115],[0.00057392]
