,test_acc,variance,maple_standard_metric,maple_causal_metric,maple_stability_metric,lime_standard_metric,lime_causal_metric,lime_stability_metric
autompgs,0.03280726920986612,[0.00126207],[0.02059439],[0.02247615],[0.01237246],[0.01151174],[0.01157929],[0.00149541]
communities,0.03925258534298736,[0.00078473],[0.01384525],[0.05235933],[0.2576043],[0.00954354],[0.01001257],[0.00366931]
day,0.0007013192078920318,[0.0002933],[0.00070095],[0.00072586],[1.90475484e-06],[0.00029762],[0.00030179],[4.42120206e-05]
happiness,0.0001525494428443412,[0.00395027],[0.00015588],[0.00015297],[9.16830931e-08],[0.0001081],[0.00011066],[9.55773344e-06]
housing,0.052322817050421494,[0.00140159],[0.0358839],[0.03290023],[0.1578809],[0.02305973],[0.02214736],[0.0010301]
music,0.10217488765031,[0.00069324],[0.04836921],[0.04896892],[0.06557197],[0.02081796],[0.02054907],[0.00306982]
winequality-red,0.06738704057211928,[0.01037157],[0.0839203],[0.08649476],[0.00665143],[0.13625471],[0.13709957],[0.0099188]
