,test_acc,standard_metric,causal_metric,stability_metric
autompgs,0.2420159436762333,[0.1177988],[0.13835362],[0.06040463]
communities,0.6161053836345672,[0.28995108],[0.48583432],[1.67896208]
day,0.006557187800353859,[0.00406517],[0.00446546],[0.00038656]
happiness,0.01205452649155632,[0.0009873],[0.00117212],[7.56886265e-05]
housing,0.1641548439860344,[0.09676418],[0.11299295],[0.22979866]
music,0.9514633774757386,[0.36615074],[0.39308229],[0.17518869]
winequality-red,0.8920489013195037,[0.26162931],[0.27536216],[0.02234585]
