,test_acc,variance,maple_standard_metric,maple_causal_metric,maple_stability_metric,lime_standard_metric,lime_causal_metric,lime_stability_metric
autompgs,0.02758638741880703,[0.00146591],[0.004743],[0.00527793],[0.00488822],[0.00512745],[0.00502126],[0.00036526]
communities,0.029719285087307628,[0.0021886],[0.03390082],[0.05960434],[0.24709095],[0.02980341],[0.03100313],[0.01005421]
day,0.00016905853851309342,[0.00018439],[0.00017284],[0.00021573],[2.75106408e-05],[0.00105437],[0.0010055],[3.6648716e-05]
housing,0.03908943327946214,[0.00112301],[0.01145813],[0.01288752],[0.0927567],[0.01596123],[0.01645629],[0.00089628]
music,0.047720785511064935,[0.0013407],[0.056247],[0.05585778],[0.01801556],[0.02410534],[0.02487094],[0.00671713]
winequality-red,0.05432487702055852,[0.00055625],[0.00395481],[0.00413197],[0.00125745],[0.00914095],[0.00931823],[0.00040466]
