,test_acc,variance,maple_standard_metric,maple_causal_metric,maple_stability_metric,lime_standard_metric,lime_causal_metric,lime_stability_metric
autompgs,0.026831654272992222,[0.00269781],[0.02067208],[0.02153809],[0.01153311],[0.01976565],[0.0201032],[0.00198439]
communities,0.02571167163915924,[0.00144397],[0.02661838],[0.0457301],[0.22668079],[0.01165654],[0.01233798],[0.00368476]
day,0.0008261770403884466,[0.00027524],[0.00072029],[0.00073262],[0.00042841],[0.00092524],[0.00091652],[5.21821827e-05]
happiness,0.0004143024173347009,[0.00345802],[0.00039489],[0.00045212],[6.25773723e-06],[0.00075509],[0.00070763],[3.37924772e-05]
housing,0.06451292786922184,[0.00263222],[0.02434898],[0.02627226],[0.16903001],[0.04311723],[0.04348207],[0.00183747]
music,0.08439462326151262,[0.00117559],[0.04139767],[0.03999923],[0.06947485],[0.01965844],[0.02081928],[0.00305393]
winequality-red,0.07867604915075317,[0.0044245],[0.04661377],[0.04828549],[0.0046769],[0.07953643],[0.07929611],[0.00594815]
