,test_acc,variance,maple_standard_metric,maple_causal_metric,maple_stability_metric,lime_standard_metric,lime_causal_metric,lime_stability_metric
autompgs,0.10938697606325148,[0.00614206],[0.01086842],[0.01206805],[0.01404738],[0.03122623],[0.0311502],[0.0008462]
communities,0.5641658186912536,[0.01154943],[0.12988962],[0.23235119],[0.89308703],[0.0949197],[0.09694012],[0.03037338]
day,0.0015224011382088066,[0.00680418],[0.00151137],[0.00173307],[2.84460409e-05],[0.00205501],[0.00210408],[0.0002654]
housing,0.17388156950473788,[0.0091872],[0.03674702],[0.04328311],[0.16441501],[0.10324843],[0.10435749],[0.0035741]
music,0.6831288576126098,[0.00752024],[0.1556242],[0.1615158],[0.03764369],[0.06884478],[0.06983456],[0.01317773]
winequality-red,0.6571844100952149,[0.00393605],[0.01078669],[0.01123868],[0.00286188],[0.02565559],[0.02595298],[0.00105418]
