,test_acc,variance,maple_standard_metric,maple_causal_metric,maple_stability_metric,lime_standard_metric,lime_causal_metric,lime_stability_metric
autompgs,0.14145698174834254,[0.00801769],[0.03175151],[0.03496415],[0.02651471],[0.05498573],[0.05598413],[0.00228282]
communities,0.5194962203502655,[0.00966114],[0.1697943],[0.33321806],[1.19701443],[0.10627793],[0.10819151],[0.03182913]
day,0.0020108019700273874,[0.00655979],[0.00189304],[0.00216249],[0.0002899],[0.00202003],[0.00208709],[0.00025046]
happiness,0.0016808486427180465,[0.04371444],[0.00161569],[0.00174657],[5.49824343e-06],[0.00285495],[0.00285342],[0.00013335]
housing,0.1565751500427723,[0.00906547],[0.04895235],[0.05637788],[0.16316077],[0.10931838],[0.11022221],[0.0040701]
music,0.7875566899776458,[0.00950938],[0.27442438],[0.28444201],[0.12814738],[0.12542705],[0.12704253],[0.02552052]
winequality-red,0.6608459889888764,[0.01027009],[0.07357081],[0.0767615],[0.01114444],[0.12421572],[0.12491986],[0.00904923]
