,test_acc,variance,maple_standard_metric,maple_causal_metric,maple_stability_metric,lime_standard_metric,lime_causal_metric,lime_stability_metric
autompgs,0.15947210267186168,[0.00720708],[0.03868337],[0.0417838],[0.03252186],[0.06117593],[0.06160465],[0.00263165]
communities,0.4281975537538529,[0.00930606],[0.16021157],[0.31021811],[1.31291885],[0.11959501],[0.12188784],[0.03700907]
day,0.000506263054558076,[0.00713837],[0.00050003],[0.0005396],[1.35922884e-06],[0.00034294],[0.00036092],[6.00868983e-05]
happiness,0.00037819196877535437,[0.04358147],[0.00037445],[0.00039033],[1.13375644e-07],[0.00033547],[0.00036623],[2.38648459e-05]
housing,0.13256919905543327,[0.01194349],[0.09152882],[0.10308624],[0.20562062],[0.16142942],[0.16049711],[0.0072263]
music,0.6897316396236419,[0.00736078],[0.18842525],[0.19970582],[0.14098192],[0.11744862],[0.11841526],[0.02020129]
winequality-red,0.8292595624923705,[0.02730781],[0.21532859],[0.22398057],[0.01881426],[0.33570875],[0.33953067],[0.02363121]
