{"autompgs": {"TF/autompgs/[100]/0.001/trial_avg": 0.1669224351644516, "TF/autompgs/[150]/0.001/trial_avg": 0.13123047351837158, "TF/autompgs/[200]/0.001/trial_avg": 0.14011694490909576, "TF/autompgs/[250]/0.001/trial_avg": 0.10648234933614731, "TF/autompgs/[300]/0.001/trial_avg": 0.1318095326423645, "TF/autompgs/[100, 100]/0.001/trial_avg": 0.18006449937820435, "TF/autompgs/[150, 150]/0.001/trial_avg": 0.1689404845237732, "TF/autompgs/[200, 200]/0.001/trial_avg": 0.19316837191581726, "TF/autompgs/[250, 250]/0.001/trial_avg": 0.1590045690536499, "TF/autompgs/[300, 300]/0.001/trial_avg": 0.14108726382255554, "TF/autompgs/[100, 100, 100]/0.001/trial_avg": 0.13126015663146973, "TF/autompgs/[150, 150, 150]/0.001/trial_avg": 0.17364557087421417, "TF/autompgs/[200, 200, 200]/0.001/trial_avg": 0.1091831624507904, "TF/autompgs/[250, 250, 250]/0.001/trial_avg": 0.14431644976139069, "TF/autompgs/[300, 300, 300]/0.001/trial_avg": 0.18026375770568848}, "communities": {"TF/communities/[100]/0.001/trial_avg": 0.5560644865036011, "TF/communities/[150]/0.001/trial_avg": 0.758564829826355, "TF/communities/[200]/0.001/trial_avg": 0.63243168592453, "TF/communities/[250]/0.001/trial_avg": 0.681925356388092, "TF/communities/[300]/0.001/trial_avg": 0.6109146475791931, "TF/communities/[100, 100]/0.001/trial_avg": 0.44416889548301697, "TF/communities/[150, 150]/0.001/trial_avg": 0.456378698348999, "TF/communities/[200, 200]/0.001/trial_avg": 0.5214703679084778, "TF/communities/[250, 250]/0.001/trial_avg": 0.48588550090789795, "TF/communities/[300, 300]/0.001/trial_avg": 0.3783477246761322, "TF/communities/[100, 100, 100]/0.001/trial_avg": 0.48982328176498413, "TF/communities/[150, 150, 150]/0.001/trial_avg": 0.44787731766700745, "TF/communities/[200, 200, 200]/0.001/trial_avg": 0.4722060561180115, "TF/communities/[250, 250, 250]/0.001/trial_avg": 0.35981065034866333, "TF/communities/[300, 300, 300]/0.001/trial_avg": 0.49150747060775757}, "day": {"TF/day/[100]/0.001/trial_avg": 0.0019271100172773004, "TF/day/[150]/0.001/trial_avg": 0.000340224796673283, "TF/day/[200]/0.001/trial_avg": 0.0005804601241834462, "TF/day/[250]/0.001/trial_avg": 0.0003031524829566479, "TF/day/[300]/0.001/trial_avg": 0.00012123365740990266, "TF/day/[100, 100]/0.001/trial_avg": 0.0006125356303527951, "TF/day/[150, 150]/0.001/trial_avg": 0.0007750026416033506, "TF/day/[200, 200]/0.001/trial_avg": 0.0005505438894033432, "TF/day/[250, 250]/0.001/trial_avg": 0.00033075158717110753, "TF/day/[300, 300]/0.001/trial_avg": 0.0004150081367697567, "TF/day/[100, 100, 100]/0.001/trial_avg": 0.00040875826380215585, "TF/day/[150, 150, 150]/0.001/trial_avg": 0.00046925642527639866, "TF/day/[200, 200, 200]/0.001/trial_avg": 0.0005960283451713622, "TF/day/[250, 250, 250]/0.001/trial_avg": 0.00041337634320370853, "TF/day/[300, 300, 300]/0.001/trial_avg": 0.0002798951172735542}, "happiness": {"TF/happiness/[100]/0.001/trial_avg": 0.0013512085424736142, "TF/happiness/[150]/0.001/trial_avg": 0.0012262876844033599, "TF/happiness/[200]/0.001/trial_avg": 0.0014020296512171626, "TF/happiness/[250]/0.001/trial_avg": 0.0009190927376039326, "TF/happiness/[300]/0.001/trial_avg": 0.0010038672480732203, "TF/happiness/[100, 100]/0.001/trial_avg": 0.0030171899124979973, "TF/happiness/[150, 150]/0.001/trial_avg": 0.0028091168496757746, "TF/happiness/[200, 200]/0.001/trial_avg": 0.0003864961036015302, "TF/happiness/[250, 250]/0.001/trial_avg": 0.0004123975813854486, "TF/happiness/[300, 300]/0.001/trial_avg": 0.000983253587037325, "TF/happiness/[100, 100, 100]/0.001/trial_avg": 0.0008940458064898849, "TF/happiness/[150, 150, 150]/0.001/trial_avg": 0.0013894782168790698, "TF/happiness/[200, 200, 200]/0.001/trial_avg": 0.0005474195349961519, "TF/happiness/[250, 250, 250]/0.001/trial_avg": 0.00035367676173336804, "TF/happiness/[300, 300, 300]/0.001/trial_avg": 0.00037697431980632246}, "housing": {"TF/housing/[100]/0.001/trial_avg": 0.1347232460975647, "TF/housing/[150]/0.001/trial_avg": 0.16557353734970093, "TF/housing/[200]/0.001/trial_avg": 0.24109983444213867, "TF/housing/[250]/0.001/trial_avg": 0.18712851405143738, "TF/housing/[300]/0.001/trial_avg": 0.0957891121506691, "TF/housing/[100, 100]/0.001/trial_avg": 0.0966448187828064, "TF/housing/[150, 150]/0.001/trial_avg": 0.11523386836051941, "TF/housing/[200, 200]/0.001/trial_avg": 0.12000995874404907, "TF/housing/[250, 250]/0.001/trial_avg": 0.17244860529899597, "TF/housing/[300, 300]/0.001/trial_avg": 0.1612498164176941, "TF/housing/[100, 100, 100]/0.001/trial_avg": 0.09304018318653107, "TF/housing/[150, 150, 150]/0.001/trial_avg": 0.16648142039775848, "TF/housing/[200, 200, 200]/0.001/trial_avg": 0.20744970440864563, "TF/housing/[250, 250, 250]/0.001/trial_avg": 0.2150631994009018, "TF/housing/[300, 300, 300]/0.001/trial_avg": 0.15745487809181213}, "music": {"TF/music/[100]/0.001/trial_avg": 0.9065931439399719, "TF/music/[150]/0.001/trial_avg": 0.8546066284179688, "TF/music/[200]/0.001/trial_avg": 0.8817161321640015, "TF/music/[250]/0.001/trial_avg": 0.7553240656852722, "TF/music/[300]/0.001/trial_avg": 0.8094725608825684, "TF/music/[100, 100]/0.001/trial_avg": 0.7391541004180908, "TF/music/[150, 150]/0.001/trial_avg": 0.7232913970947266, "TF/music/[200, 200]/0.001/trial_avg": 0.7841140627861023, "TF/music/[250, 250]/0.001/trial_avg": 0.9147858023643494, "TF/music/[300, 300]/0.001/trial_avg": 0.7032438516616821, "TF/music/[100, 100, 100]/0.001/trial_avg": 0.7305669784545898, "TF/music/[150, 150, 150]/0.001/trial_avg": 0.6771703958511353, "TF/music/[200, 200, 200]/0.001/trial_avg": 0.7246502041816711, "TF/music/[250, 250, 250]/0.001/trial_avg": 0.7257881760597229, "TF/music/[300, 300, 300]/0.001/trial_avg": 0.6522027850151062}, "winequality-red": {"TF/winequality-red/[100]/0.001/trial_avg": 0.7036707997322083, "TF/winequality-red/[150]/0.001/trial_avg": 0.6960537433624268, "TF/winequality-red/[200]/0.001/trial_avg": 0.988778829574585, "TF/winequality-red/[250]/0.001/trial_avg": 0.8205236792564392, "TF/winequality-red/[300]/0.001/trial_avg": 0.752571702003479, "TF/winequality-red/[100, 100]/0.001/trial_avg": 0.9429962635040283, "TF/winequality-red/[150, 150]/0.001/trial_avg": 0.8150978684425354, "TF/winequality-red/[200, 200]/0.001/trial_avg": 0.8084907531738281, "TF/winequality-red/[250, 250]/0.001/trial_avg": 0.5634453296661377, "TF/winequality-red/[300, 300]/0.001/trial_avg": 0.6439498662948608, "TF/winequality-red/[100, 100, 100]/0.001/trial_avg": 0.8749439716339111, "TF/winequality-red/[150, 150, 150]/0.001/trial_avg": 0.6876925826072693, "TF/winequality-red/[200, 200, 200]/0.001/trial_avg": 0.7987269759178162, "TF/winequality-red/[250, 250, 250]/0.001/trial_avg": 0.9140262603759766, "TF/winequality-red/[300, 300, 300]/0.001/trial_avg": 0.8562034368515015}}