{"autompgs": {"TF/autompgs/[100]/0.001/trial_avg": 0.1597270965576172, "TF/autompgs/[150]/0.001/trial_avg": 0.11830098181962967, "TF/autompgs/[200]/0.001/trial_avg": 0.17225349694490433, "TF/autompgs/[250]/0.001/trial_avg": 0.14529378712177277, "TF/autompgs/[300]/0.001/trial_avg": 0.20068108290433884, "TF/autompgs/[100, 100]/0.001/trial_avg": 0.11226319894194603, "TF/autompgs/[150, 150]/0.001/trial_avg": 0.1138932965695858, "TF/autompgs/[200, 200]/0.001/trial_avg": 0.14199338853359222, "TF/autompgs/[250, 250]/0.001/trial_avg": 0.10304248705506325, "TF/autompgs/[300, 300]/0.001/trial_avg": 0.14977357536554337, "TF/autompgs/[100, 100, 100]/0.001/trial_avg": 0.13589245453476906, "TF/autompgs/[150, 150, 150]/0.001/trial_avg": 0.1763169914484024, "TF/autompgs/[200, 200, 200]/0.001/trial_avg": 0.11472250148653984, "TF/autompgs/[250, 250, 250]/0.001/trial_avg": 0.12963976711034775, "TF/autompgs/[300, 300, 300]/0.001/trial_avg": 0.12145916372537613}, "communities": {"TF/communities/[100]/0.001/trial_avg": 0.5872834324836731, "TF/communities/[150]/0.001/trial_avg": 0.5847442150115967, "TF/communities/[200]/0.001/trial_avg": 0.5788681507110596, "TF/communities/[250]/0.001/trial_avg": 0.5881070494651794, "TF/communities/[300]/0.001/trial_avg": 0.5857219398021698, "TF/communities/[100, 100]/0.001/trial_avg": 0.5706263780593872, "TF/communities/[150, 150]/0.001/trial_avg": 0.5783406794071198, "TF/communities/[200, 200]/0.001/trial_avg": 0.5450345873832703, "TF/communities/[250, 250]/0.001/trial_avg": 0.5166761577129364, "TF/communities/[300, 300]/0.001/trial_avg": 0.5725541412830353, "TF/communities/[100, 100, 100]/0.001/trial_avg": 0.6057509481906891, "TF/communities/[150, 150, 150]/0.001/trial_avg": 0.534681960940361, "TF/communities/[200, 200, 200]/0.001/trial_avg": 0.590008556842804, "TF/communities/[250, 250, 250]/0.001/trial_avg": 0.5490109622478485, "TF/communities/[300, 300, 300]/0.001/trial_avg": 0.523366242647171}, "day": {"TF/day/[100]/0.001/trial_avg": 0.003195005585439503, "TF/day/[150]/0.001/trial_avg": 0.0020391420694068074, "TF/day/[200]/0.001/trial_avg": 0.0015951181412674487, "TF/day/[250]/0.001/trial_avg": 0.001642666815314442, "TF/day/[300]/0.001/trial_avg": 0.0014498578384518623, "TF/day/[100, 100]/0.001/trial_avg": 0.003916478366591036, "TF/day/[150, 150]/0.001/trial_avg": 0.0032838109182193875, "TF/day/[200, 200]/0.001/trial_avg": 0.0021339356317184865, "TF/day/[250, 250]/0.001/trial_avg": 0.00249250209890306, "TF/day/[300, 300]/0.001/trial_avg": 0.0023417185293510556, "TF/day/[100, 100, 100]/0.001/trial_avg": 0.005320782074704766, "TF/day/[150, 150, 150]/0.001/trial_avg": 0.003353447071276605, "TF/day/[200, 200, 200]/0.001/trial_avg": 0.003500783466733992, "TF/day/[250, 250, 250]/0.001/trial_avg": 0.0022808375069871545, "TF/day/[300, 300, 300]/0.001/trial_avg": 0.0022834530100226402}, "housing": {"TF/housing/[100]/0.001/trial_avg": 0.1538587138056755, "TF/housing/[150]/0.001/trial_avg": 0.16244163364171982, "TF/housing/[200]/0.001/trial_avg": 0.2104809507727623, "TF/housing/[250]/0.001/trial_avg": 0.11891211196780205, "TF/housing/[300]/0.001/trial_avg": 0.15045399218797684, "TF/housing/[100, 100]/0.001/trial_avg": 0.2070375606417656, "TF/housing/[150, 150]/0.001/trial_avg": 0.17944423109292984, "TF/housing/[200, 200]/0.001/trial_avg": 0.08821026608347893, "TF/housing/[250, 250]/0.001/trial_avg": 0.13561630994081497, "TF/housing/[300, 300]/0.001/trial_avg": 0.1732291243970394, "TF/housing/[100, 100, 100]/0.001/trial_avg": 0.1365736573934555, "TF/housing/[150, 150, 150]/0.001/trial_avg": 0.19777190685272217, "TF/housing/[200, 200, 200]/0.001/trial_avg": 0.10536222159862518, "TF/housing/[250, 250, 250]/0.001/trial_avg": 0.1613835245370865, "TF/housing/[300, 300, 300]/0.001/trial_avg": 0.10401922836899757}, "music": {"TF/music/[100]/0.001/trial_avg": 0.7578270435333252, "TF/music/[150]/0.001/trial_avg": 0.8040585219860077, "TF/music/[200]/0.001/trial_avg": 0.7706435918807983, "TF/music/[250]/0.001/trial_avg": 0.664853423833847, "TF/music/[300]/0.001/trial_avg": 0.7540674805641174, "TF/music/[100, 100]/0.001/trial_avg": 0.7256434261798859, "TF/music/[150, 150]/0.001/trial_avg": 0.8206699192523956, "TF/music/[200, 200]/0.001/trial_avg": 0.8186655044555664, "TF/music/[250, 250]/0.001/trial_avg": 0.7719234824180603, "TF/music/[300, 300]/0.001/trial_avg": 0.7951373755931854, "TF/music/[100, 100, 100]/0.001/trial_avg": 0.7198303937911987, "TF/music/[150, 150, 150]/0.001/trial_avg": 0.7485924363136292, "TF/music/[200, 200, 200]/0.001/trial_avg": 0.7941045165061951, "TF/music/[250, 250, 250]/0.001/trial_avg": 0.677987664937973, "TF/music/[300, 300, 300]/0.001/trial_avg": 0.7565693557262421}, "winequality-red": {"TF/winequality-red/[100]/0.001/trial_avg": 0.6305127739906311, "TF/winequality-red/[150]/0.001/trial_avg": 0.6547723412513733, "TF/winequality-red/[200]/0.001/trial_avg": 0.6198064684867859, "TF/winequality-red/[250]/0.001/trial_avg": 0.6242351531982422, "TF/winequality-red/[300]/0.001/trial_avg": 0.6458559334278107, "TF/winequality-red/[100, 100]/0.001/trial_avg": 0.6760892570018768, "TF/winequality-red/[150, 150]/0.001/trial_avg": 0.6287234425544739, "TF/winequality-red/[200, 200]/0.001/trial_avg": 0.6344858109951019, "TF/winequality-red/[250, 250]/0.001/trial_avg": 0.5633857250213623, "TF/winequality-red/[300, 300]/0.001/trial_avg": 0.6196376085281372, "TF/winequality-red/[100, 100, 100]/0.001/trial_avg": 0.6235587000846863, "TF/winequality-red/[150, 150, 150]/0.001/trial_avg": 0.6220496594905853, "TF/winequality-red/[200, 200, 200]/0.001/trial_avg": 0.6083110272884369, "TF/winequality-red/[250, 250, 250]/0.001/trial_avg": 0.5654433965682983, "TF/winequality-red/[300, 300, 300]/0.001/trial_avg": 0.6390843391418457}}