{"autompgs": {"TF/autompgs/[100, 100]/0.0001/trial_avg": 0.11505763605237007, "TF/autompgs/[100, 100, 100]/0.0001/trial_avg": 0.14214269816875458}}