{"autompgs": {"TF/autompgs/[100]/0.001/trial_avg": 0.14263185858726501, "TF/autompgs/[150]/0.001/trial_avg": 0.21312814950942993, "TF/autompgs/[200]/0.001/trial_avg": 0.15243104100227356, "TF/autompgs/[250]/0.001/trial_avg": 0.16720335185527802, "TF/autompgs/[300]/0.001/trial_avg": 0.21711978316307068, "TF/autompgs/[100, 100]/0.001/trial_avg": 0.17778588831424713, "TF/autompgs/[150, 150]/0.001/trial_avg": 0.2409728765487671, "TF/autompgs/[200, 200]/0.001/trial_avg": 0.12649299204349518, "TF/autompgs/[250, 250]/0.001/trial_avg": 0.15982218086719513, "TF/autompgs/[300, 300]/0.001/trial_avg": 0.18515069782733917, "TF/autompgs/[100, 100, 100]/0.001/trial_avg": 0.13316000998020172, "TF/autompgs/[150, 150, 150]/0.001/trial_avg": 0.12747374176979065, "TF/autompgs/[200, 200, 200]/0.001/trial_avg": 0.15602701902389526, "TF/autompgs/[250, 250, 250]/0.001/trial_avg": 0.1311807781457901, "TF/autompgs/[300, 300, 300]/0.001/trial_avg": 0.16655336320400238}, "communities": {"TF/communities/[100]/0.001/trial_avg": 0.7269589900970459, "TF/communities/[150]/0.001/trial_avg": 0.6374655365943909, "TF/communities/[200]/0.001/trial_avg": 0.6577536463737488, "TF/communities/[250]/0.001/trial_avg": 0.5752450227737427, "TF/communities/[300]/0.001/trial_avg": 0.6617899537086487, "TF/communities/[100, 100]/0.001/trial_avg": 0.4729861319065094, "TF/communities/[150, 150]/0.001/trial_avg": 0.547226071357727, "TF/communities/[200, 200]/0.001/trial_avg": 0.4438111484050751, "TF/communities/[250, 250]/0.001/trial_avg": 0.4117545783519745, "TF/communities/[300, 300]/0.001/trial_avg": 0.5190841555595398, "TF/communities/[100, 100, 100]/0.001/trial_avg": 0.49199357628822327, "TF/communities/[150, 150, 150]/0.001/trial_avg": 0.4814956486225128, "TF/communities/[200, 200, 200]/0.001/trial_avg": 0.4770526885986328, "TF/communities/[250, 250, 250]/0.001/trial_avg": 0.425594687461853, "TF/communities/[300, 300, 300]/0.001/trial_avg": 0.4723929762840271}, "day": {"TF/day/[100]/0.001/trial_avg": 0.0017995770322158933, "TF/day/[150]/0.001/trial_avg": 0.00040470881504006684, "TF/day/[200]/0.001/trial_avg": 0.00026508211158216, "TF/day/[250]/0.001/trial_avg": 0.00036261079367250204, "TF/day/[300]/0.001/trial_avg": 0.00014862352691125125, "TF/day/[100, 100]/0.001/trial_avg": 0.00027606746880337596, "TF/day/[150, 150]/0.001/trial_avg": 0.00045767243136651814, "TF/day/[200, 200]/0.001/trial_avg": 0.0006390507332980633, "TF/day/[250, 250]/0.001/trial_avg": 0.0002070295304292813, "TF/day/[300, 300]/0.001/trial_avg": 0.0002929152688011527, "TF/day/[100, 100, 100]/0.001/trial_avg": 0.0008250728715211153, "TF/day/[150, 150, 150]/0.001/trial_avg": 0.0005197704886086285, "TF/day/[200, 200, 200]/0.001/trial_avg": 0.0010018621105700731, "TF/day/[250, 250, 250]/0.001/trial_avg": 0.00018265051767230034, "TF/day/[300, 300, 300]/0.001/trial_avg": 0.0003918492002412677}, "happiness": {"TF/happiness/[100]/0.001/trial_avg": 0.0020263849291950464, "TF/happiness/[150]/0.001/trial_avg": 0.0011044881539419293, "TF/happiness/[200]/0.001/trial_avg": 0.0005197742721065879, "TF/happiness/[250]/0.001/trial_avg": 0.0010320881847292185, "TF/happiness/[300]/0.001/trial_avg": 0.0006318195373751223, "TF/happiness/[100, 100]/0.001/trial_avg": 0.000724265817552805, "TF/happiness/[150, 150]/0.001/trial_avg": 0.00038970535388216376, "TF/happiness/[200, 200]/0.001/trial_avg": 0.0007590894238092005, "TF/happiness/[250, 250]/0.001/trial_avg": 0.00044261279981583357, "TF/happiness/[300, 300]/0.001/trial_avg": 0.00035109775490127504, "TF/happiness/[100, 100, 100]/0.001/trial_avg": 0.0014744459185749292, "TF/happiness/[150, 150, 150]/0.001/trial_avg": 0.0003544254577718675, "TF/happiness/[200, 200, 200]/0.001/trial_avg": 0.0005059135728515685, "TF/happiness/[250, 250, 250]/0.001/trial_avg": 0.0003443704918026924, "TF/happiness/[300, 300, 300]/0.001/trial_avg": 0.00021820847177878022}, "housing": {"TF/housing/[100]/0.001/trial_avg": 0.2463366836309433, "TF/housing/[150]/0.001/trial_avg": 0.13882827758789062, "TF/housing/[200]/0.001/trial_avg": 0.13469016551971436, "TF/housing/[250]/0.001/trial_avg": 0.1221536323428154, "TF/housing/[300]/0.001/trial_avg": 0.1125987097620964, "TF/housing/[100, 100]/0.001/trial_avg": 0.13791458308696747, "TF/housing/[150, 150]/0.001/trial_avg": 0.11572055518627167, "TF/housing/[200, 200]/0.001/trial_avg": 0.15816602110862732, "TF/housing/[250, 250]/0.001/trial_avg": 0.37643203139305115, "TF/housing/[300, 300]/0.001/trial_avg": 0.19457335770130157, "TF/housing/[100, 100, 100]/0.001/trial_avg": 0.20477478206157684, "TF/housing/[150, 150, 150]/0.001/trial_avg": 0.09808148443698883, "TF/housing/[200, 200, 200]/0.001/trial_avg": 0.12108208239078522, "TF/housing/[250, 250, 250]/0.001/trial_avg": 0.22472937405109406, "TF/housing/[300, 300, 300]/0.001/trial_avg": 0.16172784566879272}, "music": {"TF/music/[100]/0.001/trial_avg": 0.9865711331367493, "TF/music/[150]/0.001/trial_avg": 0.8478379845619202, "TF/music/[200]/0.001/trial_avg": 0.8348405957221985, "TF/music/[250]/0.001/trial_avg": 0.7511327266693115, "TF/music/[300]/0.001/trial_avg": 0.9083184599876404, "TF/music/[100, 100]/0.001/trial_avg": 0.849735677242279, "TF/music/[150, 150]/0.001/trial_avg": 0.6463232040405273, "TF/music/[200, 200]/0.001/trial_avg": 0.7698445916175842, "TF/music/[250, 250]/0.001/trial_avg": 0.858647346496582, "TF/music/[300, 300]/0.001/trial_avg": 0.6743389368057251, "TF/music/[100, 100, 100]/0.001/trial_avg": 0.621359646320343, "TF/music/[150, 150, 150]/0.001/trial_avg": 0.6944413781166077, "TF/music/[200, 200, 200]/0.001/trial_avg": 0.6000114679336548, "TF/music/[250, 250, 250]/0.001/trial_avg": 0.6184981465339661, "TF/music/[300, 300, 300]/0.001/trial_avg": 0.632716953754425}, "winequality-red": {"TF/winequality-red/[100]/0.001/trial_avg": 0.667083740234375, "TF/winequality-red/[150]/0.001/trial_avg": 0.6628837585449219, "TF/winequality-red/[200]/0.001/trial_avg": 0.7011849880218506, "TF/winequality-red/[250]/0.001/trial_avg": 0.6977413892745972, "TF/winequality-red/[300]/0.001/trial_avg": 0.6325403451919556, "TF/winequality-red/[100, 100]/0.001/trial_avg": 0.6472089290618896, "TF/winequality-red/[150, 150]/0.001/trial_avg": 0.9773107171058655, "TF/winequality-red/[200, 200]/0.001/trial_avg": 0.9025396704673767, "TF/winequality-red/[250, 250]/0.001/trial_avg": 1.0256239175796509, "TF/winequality-red/[300, 300]/0.001/trial_avg": 0.9191453456878662, "TF/winequality-red/[100, 100, 100]/0.001/trial_avg": 0.8990275859832764, "TF/winequality-red/[150, 150, 150]/0.001/trial_avg": 0.9357821941375732, "TF/winequality-red/[200, 200, 200]/0.001/trial_avg": 0.8513306975364685, "TF/winequality-red/[250, 250, 250]/0.001/trial_avg": 0.9154052734375, "TF/winequality-red/[300, 300, 300]/0.001/trial_avg": 0.9983875751495361}}