{"autompgs": {"TF/autompgs/[100]/0.0001/trial_avg": 0.17555443197488785, "TF/autompgs/[100]/0.001/trial_avg": 0.16084198653697968, "TF/autompgs/[150]/0.0001/trial_avg": 0.16476871818304062, "TF/autompgs/[150]/0.001/trial_avg": 0.1300412267446518, "TF/autompgs/[200]/0.0001/trial_avg": 0.13887392729520798, "TF/autompgs/[200]/0.001/trial_avg": 0.14779148250818253, "TF/autompgs/[250]/0.0001/trial_avg": 0.1414172314107418, "TF/autompgs/[250]/0.001/trial_avg": 0.17408766597509384, "TF/autompgs/[300]/0.0001/trial_avg": 0.1507253795862198, "TF/autompgs/[300]/0.001/trial_avg": 0.12235195189714432, "TF/autompgs/[100, 100]/0.0001/trial_avg": 0.13441187143325806, "TF/autompgs/[100, 100]/0.001/trial_avg": 0.15248888731002808, "TF/autompgs/[150, 150]/0.0001/trial_avg": 0.15039009600877762, "TF/autompgs/[150, 150]/0.001/trial_avg": 0.1374613642692566, "TF/autompgs/[200, 200]/0.0001/trial_avg": 0.19994622468948364, "TF/autompgs/[200, 200]/0.001/trial_avg": 0.17464086413383484, "TF/autompgs/[250, 250]/0.0001/trial_avg": 0.11462061107158661, "TF/autompgs/[250, 250]/0.001/trial_avg": 0.16782153397798538, "TF/autompgs/[300, 300]/0.0001/trial_avg": 0.1383327916264534, "TF/autompgs/[300, 300]/0.001/trial_avg": 0.18548744171857834, "TF/autompgs/[100, 100, 100]/0.0001/trial_avg": 0.15561648458242416, "TF/autompgs/[100, 100, 100]/0.001/trial_avg": 0.14144664257764816, "TF/autompgs/[150, 150, 150]/0.0001/trial_avg": 0.18954471498727798, "TF/autompgs/[150, 150, 150]/0.001/trial_avg": 0.21810368448495865, "TF/autompgs/[200, 200, 200]/0.0001/trial_avg": 0.15355369448661804, "TF/autompgs/[200, 200, 200]/0.001/trial_avg": 0.14521262794733047, "TF/autompgs/[250, 250, 250]/0.0001/trial_avg": 0.11326231807470322, "TF/autompgs/[250, 250, 250]/0.001/trial_avg": 0.1582079939544201, "TF/autompgs/[300, 300, 300]/0.0001/trial_avg": 0.17648498341441154, "TF/autompgs/[300, 300, 300]/0.001/trial_avg": 0.1431221216917038, "TF/autompgs/[100, 100, 100, 100]/0.0001/trial_avg": 0.14581438153982162, "TF/autompgs/[100, 100, 100, 100]/0.001/trial_avg": 0.17092818766832352, "TF/autompgs/[150, 150, 150, 150]/0.0001/trial_avg": 0.12240515276789665, "TF/autompgs/[150, 150, 150, 150]/0.001/trial_avg": 0.20673459768295288, "TF/autompgs/[200, 200, 200, 200]/0.0001/trial_avg": 0.1420825868844986, "TF/autompgs/[200, 200, 200, 200]/0.001/trial_avg": 0.17576922476291656, "TF/autompgs/[250, 250, 250, 250]/0.0001/trial_avg": 0.14732569456100464, "TF/autompgs/[250, 250, 250, 250]/0.001/trial_avg": 0.16405101865530014, "TF/autompgs/[300, 300, 300, 300]/0.0001/trial_avg": 0.12959887832403183, "TF/autompgs/[300, 300, 300, 300]/0.001/trial_avg": 0.12429408356547356}, "communities": {"TF/communities/[100]/0.0001/trial_avg": 0.5671497583389282, "TF/communities/[100]/0.001/trial_avg": 0.6557196974754333, "TF/communities/[150]/0.0001/trial_avg": 0.6217395067214966, "TF/communities/[150]/0.001/trial_avg": 0.6181352734565735, "TF/communities/[200]/0.0001/trial_avg": 0.6056848466396332, "TF/communities/[200]/0.001/trial_avg": 0.6880214214324951, "TF/communities/[250]/0.0001/trial_avg": 0.5628628730773926, "TF/communities/[250]/0.001/trial_avg": 0.64863720536232, "TF/communities/[300]/0.0001/trial_avg": 0.5395153760910034, "TF/communities/[300]/0.001/trial_avg": 0.5955961048603058, "TF/communities/[100, 100]/0.0001/trial_avg": 0.620464026927948, "TF/communities/[100, 100]/0.001/trial_avg": 0.49758119881153107, "TF/communities/[150, 150]/0.0001/trial_avg": 0.6016893982887268, "TF/communities/[150, 150]/0.001/trial_avg": 0.45527341961860657, "TF/communities/[200, 200]/0.0001/trial_avg": 0.613929271697998, "TF/communities/[200, 200]/0.001/trial_avg": 0.434033140540123, "TF/communities/[250, 250]/0.0001/trial_avg": 0.5493006259202957, "TF/communities/[250, 250]/0.001/trial_avg": 0.3846929371356964, "TF/communities/[300, 300]/0.0001/trial_avg": 0.5531142950057983, "TF/communities/[300, 300]/0.001/trial_avg": 0.45302560925483704, "TF/communities/[100, 100, 100]/0.0001/trial_avg": 0.6570717990398407, "TF/communities/[100, 100, 100]/0.001/trial_avg": 0.44224022328853607, "TF/communities/[150, 150, 150]/0.0001/trial_avg": 0.6208129823207855, "TF/communities/[150, 150, 150]/0.001/trial_avg": 0.475499764084816, "TF/communities/[200, 200, 200]/0.0001/trial_avg": 0.6113153398036957, "TF/communities/[200, 200, 200]/0.001/trial_avg": 0.4063209146261215, "TF/communities/[250, 250, 250]/0.0001/trial_avg": 0.5534713566303253, "TF/communities/[250, 250, 250]/0.001/trial_avg": 0.4408412128686905, "TF/communities/[300, 300, 300]/0.0001/trial_avg": 0.5004831701517105, "TF/communities/[300, 300, 300]/0.001/trial_avg": 0.4332406222820282, "TF/communities/[100, 100, 100, 100]/0.0001/trial_avg": 0.7246249318122864, "TF/communities/[100, 100, 100, 100]/0.001/trial_avg": 0.4636154919862747, "TF/communities/[150, 150, 150, 150]/0.0001/trial_avg": 0.5578756034374237, "TF/communities/[150, 150, 150, 150]/0.001/trial_avg": 0.4356132596731186, "TF/communities/[200, 200, 200, 200]/0.0001/trial_avg": 0.5091741234064102, "TF/communities/[200, 200, 200, 200]/0.001/trial_avg": 0.4526078402996063, "TF/communities/[250, 250, 250, 250]/0.0001/trial_avg": 0.5711346864700317, "TF/communities/[250, 250, 250, 250]/0.001/trial_avg": 0.5177991837263107, "TF/communities/[300, 300, 300, 300]/0.0001/trial_avg": 0.481813982129097, "TF/communities/[300, 300, 300, 300]/0.001/trial_avg": 0.41029077768325806}, "day": {"TF/day/[100]/0.0001/trial_avg": 0.0019456934533081949, "TF/day/[100]/0.001/trial_avg": 0.0005640234739985317, "TF/day/[150]/0.0001/trial_avg": 0.0014954560901969671, "TF/day/[150]/0.001/trial_avg": 0.00041051940934266895, "TF/day/[200]/0.0001/trial_avg": 0.0017761174240149558, "TF/day/[200]/0.001/trial_avg": 0.0006101334729464725, "TF/day/[250]/0.0001/trial_avg": 0.001266932871658355, "TF/day/[250]/0.001/trial_avg": 0.0004117817952646874, "TF/day/[300]/0.0001/trial_avg": 0.0014877189532853663, "TF/day/[300]/0.001/trial_avg": 0.0006293364858720452, "TF/day/[100, 100]/0.0001/trial_avg": 0.003623392782174051, "TF/day/[100, 100]/0.001/trial_avg": 0.00028975558234378695, "TF/day/[150, 150]/0.0001/trial_avg": 0.0029408226255327463, "TF/day/[150, 150]/0.001/trial_avg": 0.0002024735185841564, "TF/day/[200, 200]/0.0001/trial_avg": 0.0029287924407981336, "TF/day/[200, 200]/0.001/trial_avg": 0.0001507991473772563, "TF/day/[250, 250]/0.0001/trial_avg": 0.0021324128611013293, "TF/day/[250, 250]/0.001/trial_avg": 0.00018536043353378773, "TF/day/[300, 300]/0.0001/trial_avg": 0.0015054057585075498, "TF/day/[300, 300]/0.001/trial_avg": 0.00023183388111647218, "TF/day/[100, 100, 100]/0.0001/trial_avg": 0.005111161852255464, "TF/day/[100, 100, 100]/0.001/trial_avg": 0.00044822013296652585, "TF/day/[150, 150, 150]/0.0001/trial_avg": 0.0034041436156257987, "TF/day/[150, 150, 150]/0.001/trial_avg": 0.0002436801078147255, "TF/day/[200, 200, 200]/0.0001/trial_avg": 0.002804360818117857, "TF/day/[200, 200, 200]/0.001/trial_avg": 0.0001671849167905748, "TF/day/[250, 250, 250]/0.0001/trial_avg": 0.0023635365068912506, "TF/day/[250, 250, 250]/0.001/trial_avg": 0.00024297243362525478, "TF/day/[300, 300, 300]/0.0001/trial_avg": 0.0016240179538726807, "TF/day/[300, 300, 300]/0.001/trial_avg": 7.608689702465199e-05, "TF/day/[100, 100, 100, 100]/0.0001/trial_avg": 0.005215349607169628, "TF/day/[100, 100, 100, 100]/0.001/trial_avg": 0.0006923704349901527, "TF/day/[150, 150, 150, 150]/0.0001/trial_avg": 0.0047842387575656176, "TF/day/[150, 150, 150, 150]/0.001/trial_avg": 0.000253498692472931, "TF/day/[200, 200, 200, 200]/0.0001/trial_avg": 0.0025443367194384336, "TF/day/[200, 200, 200, 200]/0.001/trial_avg": 0.0003589281841414049, "TF/day/[250, 250, 250, 250]/0.0001/trial_avg": 0.0018757609650492668, "TF/day/[250, 250, 250, 250]/0.001/trial_avg": 0.0005526301683858037, "TF/day/[300, 300, 300, 300]/0.0001/trial_avg": 0.0016999691724777222, "TF/day/[300, 300, 300, 300]/0.001/trial_avg": 0.00018007519975071773}, "happiness": {"TF/happiness/[100]/0.0001/trial_avg": 0.0016897015157155693,