{"autompgs": {"TF/autompgs/[100]/0.001/trial_avg": 0.1574915647506714, "TF/autompgs/[150]/0.001/trial_avg": 0.10827572643756866, "TF/autompgs/[200]/0.001/trial_avg": 0.1083194687962532, "TF/autompgs/[250]/0.001/trial_avg": 0.10196574777364731, "TF/autompgs/[300]/0.001/trial_avg": 0.13919000327587128, "TF/autompgs/[100, 100]/0.001/trial_avg": 0.1586238145828247, "TF/autompgs/[150, 150]/0.001/trial_avg": 0.2788527011871338, "TF/autompgs/[200, 200]/0.001/trial_avg": 0.14916136860847473, "TF/autompgs/[250, 250]/0.001/trial_avg": 0.17457611858844757, "TF/autompgs/[300, 300]/0.001/trial_avg": 0.13358785212039948, "TF/autompgs/[100, 100, 100]/0.001/trial_avg": 0.11798170953989029, "TF/autompgs/[150, 150, 150]/0.001/trial_avg": 0.17514081299304962, "TF/autompgs/[200, 200, 200]/0.001/trial_avg": 0.2052794098854065, "TF/autompgs/[250, 250, 250]/0.001/trial_avg": 0.204617440700531, "TF/autompgs/[300, 300, 300]/0.001/trial_avg": 0.1892637461423874}, "communities": {"TF/communities/[100]/0.001/trial_avg": 0.6423664093017578, "TF/communities/[150]/0.001/trial_avg": 0.6459563374519348, "TF/communities/[200]/0.001/trial_avg": 0.7006604075431824, "TF/communities/[250]/0.001/trial_avg": 0.6040999293327332, "TF/communities/[300]/0.001/trial_avg": 0.5874494910240173, "TF/communities/[100, 100]/0.001/trial_avg": 0.44092535972595215, "TF/communities/[150, 150]/0.001/trial_avg": 0.5633097290992737, "TF/communities/[200, 200]/0.001/trial_avg": 0.48902127146720886, "TF/communities/[250, 250]/0.001/trial_avg": 0.5742172598838806, "TF/communities/[300, 300]/0.001/trial_avg": 0.5054669380187988, "TF/communities/[100, 100, 100]/0.001/trial_avg": 0.44399383664131165, "TF/communities/[150, 150, 150]/0.001/trial_avg": 0.40689682960510254, "TF/communities/[200, 200, 200]/0.001/trial_avg": 0.44891616702079773, "TF/communities/[250, 250, 250]/0.001/trial_avg": 0.44821974635124207, "TF/communities/[300, 300, 300]/0.001/trial_avg": 0.4248179793357849}, "day": {"TF/day/[100]/0.001/trial_avg": 0.0018305137054994702, "TF/day/[150]/0.001/trial_avg": 0.0011852619936689734, "TF/day/[200]/0.001/trial_avg": 0.0007585390703752637, "TF/day/[250]/0.001/trial_avg": 0.00023751644766889513, "TF/day/[300]/0.001/trial_avg": 0.0006645416142418981, "TF/day/[100, 100]/0.001/trial_avg": 0.0009543694322928786, "TF/day/[150, 150]/0.001/trial_avg": 0.0007180192042142153, "TF/day/[200, 200]/0.001/trial_avg": 0.0006364557193592191, "TF/day/[250, 250]/0.001/trial_avg": 0.00040140649070963264, "TF/day/[300, 300]/0.001/trial_avg": 0.00024741500965319574, "TF/day/[100, 100, 100]/0.001/trial_avg": 0.0007605858263559639, "TF/day/[150, 150, 150]/0.001/trial_avg": 0.0005181183223612607, "TF/day/[200, 200, 200]/0.001/trial_avg": 0.00035321147879585624, "TF/day/[250, 250, 250]/0.001/trial_avg": 0.0002434134657960385, "TF/day/[300, 300, 300]/0.001/trial_avg": 0.00020310071704443544}, "happiness": {"TF/happiness/[100]/0.001/trial_avg": 0.0016990693984553218, "TF/happiness/[150]/0.001/trial_avg": 0.0011711210245266557, "TF/happiness/[200]/0.001/trial_avg": 0.000524271687027067, "TF/happiness/[250]/0.001/trial_avg": 0.0007646653684787452, "TF/happiness/[300]/0.001/trial_avg": 0.00038693391252309084, "TF/happiness/[100, 100]/0.001/trial_avg": 0.002604453591629863, "TF/happiness/[150, 150]/0.001/trial_avg": 0.0007280674763023853, "TF/happiness/[200, 200]/0.001/trial_avg": 0.0014516358496621251, "TF/happiness/[250, 250]/0.001/trial_avg": 0.0008599879802204669, "TF/happiness/[300, 300]/0.001/trial_avg": 0.00014805069076828659, "TF/happiness/[100, 100, 100]/0.001/trial_avg": 0.0012336159124970436, "TF/happiness/[150, 150, 150]/0.001/trial_avg": 0.000739055045414716, "TF/happiness/[200, 200, 200]/0.001/trial_avg": 0.0005217025754973292, "TF/happiness/[250, 250, 250]/0.001/trial_avg": 0.00024311896413564682, "TF/happiness/[300, 300, 300]/0.001/trial_avg": 0.00017883583495859057}, "housing": {"TF/housing/[100]/0.001/trial_avg": 0.1094062551856041, "TF/housing/[150]/0.001/trial_avg": 0.16225428879261017, "TF/housing/[200]/0.001/trial_avg": 0.0942828580737114, "TF/housing/[250]/0.001/trial_avg": 0.16818368434906006, "TF/housing/[300]/0.001/trial_avg": 0.13869884610176086, "TF/housing/[100, 100]/0.001/trial_avg": 0.1876923143863678, "TF/housing/[150, 150]/0.001/trial_avg": 0.16225631535053253, "TF/housing/[200, 200]/0.001/trial_avg": 0.13629671931266785, "TF/housing/[250, 250]/0.001/trial_avg": 0.19580897688865662, "TF/housing/[300, 300]/0.001/trial_avg": 0.09735371917486191, "TF/housing/[100, 100, 100]/0.001/trial_avg": 0.15449663996696472, "TF/housing/[150, 150, 150]/0.001/trial_avg": 0.10152076929807663, "TF/housing/[200, 200, 200]/0.001/trial_avg": 0.11635366827249527, "TF/housing/[250, 250, 250]/0.001/trial_avg": 0.16912654042243958, "TF/housing/[300, 300, 300]/0.001/trial_avg": 0.22452518343925476}, "music": {"TF/music/[100]/0.001/trial_avg": 0.9391062259674072, "TF/music/[150]/0.001/trial_avg": 1.1337984800338745, "TF/music/[200]/0.001/trial_avg": 0.8337981104850769, "TF/music/[250]/0.001/trial_avg": 0.8222091794013977, "TF/music/[300]/0.001/trial_avg": 1.1092877388000488, "TF/music/[100, 100]/0.001/trial_avg": 0.9305519461631775, "TF/music/[150, 150]/0.001/trial_avg": 0.7051947712898254, "TF/music/[200, 200]/0.001/trial_avg": 0.6769465208053589, "TF/music/[250, 250]/0.001/trial_avg": 0.6567604541778564, "TF/music/[300, 300]/0.001/trial_avg": 0.6851812601089478, "TF/music/[100, 100, 100]/0.001/trial_avg": 0.6646959185600281, "TF/music/[150, 150, 150]/0.001/trial_avg": 0.8183885812759399, "TF/music/[200, 200, 200]/0.001/trial_avg": 0.5639758110046387, "TF/music/[250, 250, 250]/0.001/trial_avg": 0.6307523250579834, "TF/music/[300, 300, 300]/0.001/trial_avg": 0.6585491895675659}, "winequality-red": {"TF/winequality-red/[100]/0.001/trial_avg": 0.5508992075920105, "TF/winequality-red/[150]/0.001/trial_avg": 0.8535609245300293, "TF/winequality-red/[200]/0.001/trial_avg": 0.7629391551017761, "TF/winequality-red/[250]/0.001/trial_avg": 0.6745118498802185, "TF/winequality-red/[300]/0.001/trial_avg": 0.7104179263114929, "TF/winequality-red/[100, 100]/0.001/trial_avg": 0.7798048257827759, "TF/winequality-red/[150, 150]/0.001/trial_avg": 0.9944013953208923, "TF/winequality-red/[200, 200]/0.001/trial_avg": 0.8322844505310059, "TF/winequality-red/[250, 250]/0.001/trial_avg": 0.6008825302124023, "TF/winequality-red/[300, 300]/0.001/trial_avg": 0.6768591403961182, "TF/winequality-red/[100, 100, 100]/0.001/trial_avg": 0.6950351595878601, "TF/winequality-red/[150, 150, 150]/0.001/trial_avg": 0.6723707318305969, "TF/winequality-red/[200, 200, 200]/0.001/trial_avg": 0.6666802763938904, "TF/winequality-red/[250, 250, 250]/0.001/trial_avg": 0.7655149698257446, "TF/winequality-red/[300, 300, 300]/0.001/trial_avg": 0.7716764807701111}}