{"autompgs": {"TF/autompgs/[100]/0.001/trial_avg": 0.10812456905841827, "TF/autompgs/[150]/0.001/trial_avg": 0.07971304655075073, "TF/autompgs/[200]/0.001/trial_avg": 0.2096489518880844, "TF/autompgs/[250]/0.001/trial_avg": 0.12178304046392441, "TF/autompgs/[300]/0.001/trial_avg": 0.17160585522651672, "TF/autompgs/[100, 100]/0.001/trial_avg": 0.14049871265888214, "TF/autompgs/[150, 150]/0.001/trial_avg": 0.18550725281238556, "TF/autompgs/[200, 200]/0.001/trial_avg": 0.1067223846912384, "TF/autompgs/[250, 250]/0.001/trial_avg": 0.13841961324214935, "TF/autompgs/[300, 300]/0.001/trial_avg": 0.1692122370004654, "TF/autompgs/[100, 100, 100]/0.001/trial_avg": 0.07594826072454453, "TF/autompgs/[150, 150, 150]/0.001/trial_avg": 0.19355788826942444, "TF/autompgs/[200, 200, 200]/0.001/trial_avg": 0.1464739441871643, "TF/autompgs/[250, 250, 250]/0.001/trial_avg": 0.16954220831394196, "TF/autompgs/[300, 300, 300]/0.001/trial_avg": 0.1547480821609497}, "communities": {"TF/communities/[100]/0.001/trial_avg": 0.5797690153121948, "TF/communities/[150]/0.001/trial_avg": 0.6221722364425659, "TF/communities/[200]/0.001/trial_avg": 0.6649169921875, "TF/communities/[250]/0.001/trial_avg": 0.6191851496696472, "TF/communities/[300]/0.001/trial_avg": 0.5844994187355042, "TF/communities/[100, 100]/0.001/trial_avg": 0.6077920794487, "TF/communities/[150, 150]/0.001/trial_avg": 0.7274734377861023, "TF/communities/[200, 200]/0.001/trial_avg": 0.614212691783905, "TF/communities/[250, 250]/0.001/trial_avg": 0.5606088638305664, "TF/communities/[300, 300]/0.001/trial_avg": 0.5175086855888367, "TF/communities/[100, 100, 100]/0.001/trial_avg": 0.602658212184906, "TF/communities/[150, 150, 150]/0.001/trial_avg": 0.5544910430908203, "TF/communities/[200, 200, 200]/0.001/trial_avg": 0.5490854978561401, "TF/communities/[250, 250, 250]/0.001/trial_avg": 0.4397794008255005, "TF/communities/[300, 300, 300]/0.001/trial_avg": 0.48125380277633667}, "day": {"TF/day/[100]/0.001/trial_avg": 0.01026811171323061, "TF/day/[150]/0.001/trial_avg": 0.002266469644382596, "TF/day/[200]/0.001/trial_avg": 0.0026533270720392466, "TF/day/[250]/0.001/trial_avg": 0.002867271890863776, "TF/day/[300]/0.001/trial_avg": 0.001053223735652864, "TF/day/[100, 100]/0.001/trial_avg": 0.0038082818500697613, "TF/day/[150, 150]/0.001/trial_avg": 0.003966951742768288, "TF/day/[200, 200]/0.001/trial_avg": 0.002041726605966687, "TF/day/[250, 250]/0.001/trial_avg": 0.0022600905504077673, "TF/day/[300, 300]/0.001/trial_avg": 0.002223445801064372, "TF/day/[100, 100, 100]/0.001/trial_avg": 0.004387843422591686, "TF/day/[150, 150, 150]/0.001/trial_avg": 0.004834091290831566, "TF/day/[200, 200, 200]/0.001/trial_avg": 0.0024168547242879868, "TF/day/[250, 250, 250]/0.001/trial_avg": 0.0021288818679749966, "TF/day/[300, 300, 300]/0.001/trial_avg": 0.0022821607999503613}, "happiness": {"TF/happiness/[100]/0.001/trial_avg": 0.002256641397252679, "TF/happiness/[150]/0.001/trial_avg": 0.0022970731370151043, "TF/happiness/[200]/0.001/trial_avg": 0.0008264922653324902, "TF/happiness/[250]/0.001/trial_avg": 0.00247567193582654, "TF/happiness/[300]/0.001/trial_avg": 0.0016115111066028476, "TF/happiness/[100, 100]/0.001/trial_avg": 0.0033460455015301704, "TF/happiness/[150, 150]/0.001/trial_avg": 0.0038422527723014355, "TF/happiness/[200, 200]/0.001/trial_avg": 0.0028592441231012344, "TF/happiness/[250, 250]/0.001/trial_avg": 0.0018572702538222075, "TF/happiness/[300, 300]/0.001/trial_avg": 0.0011255306890234351, "TF/happiness/[100, 100, 100]/0.001/trial_avg": 0.00503319688141346, "TF/happiness/[150, 150, 150]/0.001/trial_avg": 0.004049791023135185, "TF/happiness/[200, 200, 200]/0.001/trial_avg": 0.003986041527241468, "TF/happiness/[250, 250, 250]/0.001/trial_avg": 0.0023791962303221226, "TF/happiness/[300, 300, 300]/0.001/trial_avg": 0.001786495908163488}, "housing": {"TF/housing/[100]/0.001/trial_avg": 0.12457773089408875, "TF/housing/[150]/0.001/trial_avg": 0.12860725820064545, "TF/housing/[200]/0.001/trial_avg": 0.2589358389377594, "TF/housing/[250]/0.001/trial_avg": 0.17936240136623383, "TF/housing/[300]/0.001/trial_avg": 0.11421630531549454, "TF/housing/[100, 100]/0.001/trial_avg": 0.2109336405992508, "TF/housing/[150, 150]/0.001/trial_avg": 0.08516880869865417, "TF/housing/[200, 200]/0.001/trial_avg": 0.28137677907943726, "TF/housing/[250, 250]/0.001/trial_avg": 0.15735863149166107, "TF/housing/[300, 300]/0.001/trial_avg": 0.2266918569803238, "TF/housing/[100, 100, 100]/0.001/trial_avg": 0.11573720723390579, "TF/housing/[150, 150, 150]/0.001/trial_avg": 0.16906031966209412, "TF/housing/[200, 200, 200]/0.001/trial_avg": 0.1308816820383072, "TF/housing/[250, 250, 250]/0.001/trial_avg": 0.12526869773864746, "TF/housing/[300, 300, 300]/0.001/trial_avg": 0.16140906512737274}, "music": {"TF/music/[100]/0.001/trial_avg": 1.0547839403152466, "TF/music/[150]/0.001/trial_avg": 0.9340314269065857, "TF/music/[200]/0.001/trial_avg": 0.903724730014801, "TF/music/[250]/0.001/trial_avg": 0.7979413866996765, "TF/music/[300]/0.001/trial_avg": 0.6995044946670532, "TF/music/[100, 100]/0.001/trial_avg": 0.6592473983764648, "TF/music/[150, 150]/0.001/trial_avg": 0.8554573059082031, "TF/music/[200, 200]/0.001/trial_avg": 0.8390048146247864, "TF/music/[250, 250]/0.001/trial_avg": 0.682907223701477, "TF/music/[300, 300]/0.001/trial_avg": 0.8073205351829529, "TF/music/[100, 100, 100]/0.001/trial_avg": 0.7889817357063293, "TF/music/[150, 150, 150]/0.001/trial_avg": 0.7338415384292603, "TF/music/[200, 200, 200]/0.001/trial_avg": 0.596591055393219, "TF/music/[250, 250, 250]/0.001/trial_avg": 0.6753935813903809, "TF/music/[300, 300, 300]/0.001/trial_avg": 0.7454327940940857}, "winequality-red": {"TF/winequality-red/[100]/0.001/trial_avg": 0.6891777515411377, "TF/winequality-red/[150]/0.001/trial_avg": 0.724831223487854, "TF/winequality-red/[200]/0.001/trial_avg": 0.7854866981506348, "TF/winequality-red/[250]/0.001/trial_avg": 0.505328893661499, "TF/winequality-red/[300]/0.001/trial_avg": 0.6945724487304688, "TF/winequality-red/[100, 100]/0.001/trial_avg": 1.005995512008667, "TF/winequality-red/[150, 150]/0.001/trial_avg": 0.8047439455986023, "TF/winequality-red/[200, 200]/0.001/trial_avg": 0.8284846544265747, "TF/winequality-red/[250, 250]/0.001/trial_avg": 0.9184877276420593, "TF/winequality-red/[300, 300]/0.001/trial_avg": 0.7791598439216614, "TF/winequality-red/[100, 100, 100]/0.001/trial_avg": 0.5870736837387085, "TF/winequality-red/[150, 150, 150]/0.001/trial_avg": 0.826606035232544, "TF/winequality-red/[200, 200, 200]/0.001/trial_avg": 0.8678359389305115, "TF/winequality-red/[250, 250, 250]/0.001/trial_avg": 0.8823368549346924, "TF/winequality-red/[300, 300, 300]/0.001/trial_avg": 0.8191734552383423}}