{"acc": 0.9444444274902344, "maple_pf": 0.005821428800524384, "maple_nf": 0.012658874022082024, "maple_s": 0.10998722682971951, "lime_pf": 0.020718723579946023, "lime_nf": 0.021132040760715565, "lime_s": 0.0008489008351756522}