{"acc": 88.59648895263672, "maple_pf": 0.0036900380806889413, "maple_nf": 0.013143323605602561, "maple_s": 0.05912471836181501, "lime_pf": 0.004626059006751223, "lime_nf": 0.00494239511817307, "lime_s": 0.0005791966322865628}