{"msd": {"TF/msd/[100, 100, 100, 100, 100]/0.001/0.1/trial_avg": 0.5862004721164703, "TF/msd/[100, 100, 100, 100, 100]/0.001/0.05/trial_avg": 0.5668812227249146, "TF/msd/[100, 100, 100, 100, 100]/0.001/0.01/trial_avg": 0.5372470607757568, "TF/msd/[100, 100, 100, 100, 100]/0.001/0.005/trial_avg": 0.5622979278564454, "TF/msd/[100, 100, 100, 100, 100]/0.001/0.001/trial_avg": 0.5632669197559357}}