{"msd": {"TF/msd/[100, 100, 100, 100, 100]/0.001/0.025/trial_avg": 0.5489242589473725, "TF/msd/[100, 100, 100, 100, 100]/0.001/0.05/trial_avg": 0.5557378125190735, "TF/msd/[100, 100, 100, 100, 100]/0.001/0.0025/trial_avg": 0.5798877952098846, "TF/msd/[100, 100, 100, 100, 100]/0.001/0.001/trial_avg": 0.5643181489944458, "TF/msd/[100, 100, 100, 100, 100]/0.001/0.005/trial_avg": 0.5423643703460694, "TF/msd/[100, 100, 100, 100, 100]/0.001/0.01/trial_avg": 0.5645760288238525, "TF/msd/[100, 100, 100, 100, 100]/0.001/0.1/trial_avg": 0.5418396139144898}}