{"acc": 85.08772277832031, "maple_pf": 0.0033060527774780696, "maple_nf": 0.012950103813228383, "maple_s": 0.052119720108663205, "lime_pf": 0.004701755584628305, "lime_nf": 0.00493227839316534, "lime_s": 0.000786706359580913}