{"acc": 0.875, "maple_pf": 0.004998922381549892, "maple_nf": 0.018326428948987686, "maple_s": 0.08324931865557501, "lime_pf": 0.012714238610457038, "lime_nf": 0.012771494393191397, "lime_s": 0.0007497072793478763}