{"autompgs": {"TF/autompgs/[200, 200]/0.001/0.1/trial_avg": 0.1454649755358696, "TF/autompgs/[200, 200]/0.001/0.05/trial_avg": 0.12928516089916228, "TF/autompgs/[200, 200]/0.001/0.025/trial_avg": 0.13395754307508467, "TF/autompgs/[200, 200]/0.001/0.01/trial_avg": 0.13447176495194435, "TF/autompgs/[200, 200]/0.001/0.005/trial_avg": 0.12870671403408052, "TF/autompgs/[200, 200]/0.001/0.001/trial_avg": 0.13907533382773402}, "communities": {"TF/communities/[400, 400, 400, 400, 400]/0.001/0.1/trial_avg": 0.45017192006111145, "TF/communities/[400, 400, 400, 400, 400]/0.001/0.05/trial_avg": 0.47465170443058013, "TF/communities/[400, 400, 400, 400, 400]/0.001/0.025/trial_avg": 0.47955373585224154, "TF/communities/[400, 400, 400, 400, 400]/0.001/0.01/trial_avg": 0.4700370361804962, "TF/communities/[400, 400, 400, 400, 400]/0.001/0.005/trial_avg": 0.48760474276542665, "TF/communities/[400, 400, 400, 400, 400]/0.001/0.001/trial_avg": 0.4922838287591934}, "day": {"TF/day/[500]/0.001/0.1/trial_avg": -0.009921875927975636, "TF/day/[500]/0.001/0.05/trial_avg": -0.004935352207376128, "TF/day/[500]/0.001/0.025/trial_avg": -0.002430034841099769, "TF/day/[500]/0.001/0.01/trial_avg": -0.0009303433753084392, "TF/day/[500]/0.001/0.005/trial_avg": -0.0004040156435512472, "TF/day/[500]/0.001/0.001/trial_avg": 0.00031432436846662315}, "housing": {"TF/housing/[100, 100, 100, 100, 100]/0.001/0.1/trial_avg": 0.15068023294210434, "TF/housing/[100, 100, 100, 100, 100]/0.001/0.05/trial_avg": 0.1605324287712574, "TF/housing/[100, 100, 100, 100, 100]/0.001/0.025/trial_avg": 0.1516852094233036, "TF/housing/[100, 100, 100, 100, 100]/0.001/0.01/trial_avg": 0.15969032177329062, "TF/housing/[100, 100, 100, 100, 100]/0.001/0.005/trial_avg": 0.15670505118370057, "TF/housing/[100, 100, 100, 100, 100]/0.001/0.001/trial_avg": 0.13725665306448936}, "music": {"TF/music/[500, 500, 500, 500]/0.001/0.1/trial_avg": 0.6782308304309845, "TF/music/[500, 500, 500, 500]/0.001/0.05/trial_avg": 0.6909415137767791, "TF/music/[500, 500, 500, 500]/0.001/0.025/trial_avg": 0.6748092031478883, "TF/music/[500, 500, 500, 500]/0.001/0.01/trial_avg": 0.6983717849254608, "TF/music/[500, 500, 500, 500]/0.001/0.005/trial_avg": 0.6856325144767762, "TF/music/[500, 500, 500, 500]/0.001/0.001/trial_avg": 0.7153440402984619}, "winequality-red": {"TF/winequality-red/[300, 300, 300, 300]/0.001/0.1/trial_avg": 0.6546351099014283, "TF/winequality-red/[300, 300, 300, 300]/0.001/0.05/trial_avg": 0.6671590459346771, "TF/winequality-red/[300, 300, 300, 300]/0.001/0.025/trial_avg": 0.6220496749877931, "TF/winequality-red/[300, 300, 300, 300]/0.001/0.01/trial_avg": 0.6655195405483246, "TF/winequality-red/[300, 300, 300, 300]/0.001/0.005/trial_avg": 0.6412331397533417, "TF/winequality-red/[300, 300, 300, 300]/0.001/0.001/trial_avg": 0.6603975998401642}}