"","Unregularized","Regularized","Regularized1D"
"Accuracy","0.583 (0.0176)","0.557 (0.0162)","0.548 (0.0154)"
"Variance","0.00915 (0.00148)","0.00316 (0.000232)","0.00435 (0.000367)"
"LIME-PF","0.116 (0.0181)","0.0293 (0.00709)","0.057 (0.0079)"
"LIME-NF","0.117 (0.0178)","0.029 (0.007)","0.0575 (0.0079)"
"LIME-Stability","0.0368 (0.00759)","0.00171 (0.00034)","0.0125 (0.00291)"
