,test_acc,variance,maple_standard_metric,maple_causal_metric,maple_stability_metric,lime_standard_metric,lime_causal_metric,lime_stability_metric
support2,0.8340275824069977,[0.0083224 0.0084276],[0.01325166 0.01308281],[0.01797692 0.01769159],[0.13278209 0.12990289],[0.05000611 0.04998461],[0.05103358 0.05103579],[0.00472777 0.00468932]
