,test_acc,variance,maple_standard_metric,maple_causal_metric,maple_stability_metric,lime_standard_metric,lime_causal_metric,lime_stability_metric
support2,0.0012866286245484869,[0.00330073 0.0033866 ],[0.00467005 0.00447468],[0.0058791  0.00628826],[0.07964652 0.07049107],[0.03206315 0.03005603],[0.03292023 0.03081781],[0.00406649 0.00431806]
