{"support2": {"TF/support2/[100]/0.001/2500.0/trial_avg": 0.8262603282928467, "TF/support2/[100]/0.001/5000.0/trial_avg": 0.8277896046638489, "TF/support2/[100]/0.001/7500.0/trial_avg": 0.8163198232650757, "TF/support2/[100]/0.001/10000.0/trial_avg": 0.8209854960441589, "TF/support2/[100]/0.001/25000.0/trial_avg": 0.8097110986709595, "TF/support2/[100]/0.001/50000.0/trial_avg": 0.8054801821708679, "TF/support2/[100]/0.001/75000.0/trial_avg": 0.8020645380020142, "TF/support2/[150]/0.001/2500.0/trial_avg": 0.8351630568504333, "TF/support2/[150]/0.001/5000.0/trial_avg": 0.8185045719146729, "TF/support2/[150]/0.001/7500.0/trial_avg": 0.8210169672966003, "TF/support2/[150]/0.001/10000.0/trial_avg": 0.8174121975898743, "TF/support2/[150]/0.001/25000.0/trial_avg": 0.8059970736503601, "TF/support2/[150]/0.001/50000.0/trial_avg": 0.8031200170516968, "TF/support2/[150]/0.001/75000.0/trial_avg": 0.7984051704406738, "TF/support2/[200]/0.001/2500.0/trial_avg": 0.8344734907150269, "TF/support2/[200]/0.001/5000.0/trial_avg": 0.829974353313446, "TF/support2/[200]/0.001/7500.0/trial_avg": 0.8219271898269653, "TF/support2/[200]/0.001/10000.0/trial_avg": 0.818231463432312, "TF/support2/[200]/0.001/25000.0/trial_avg": 0.8147817254066467, "TF/support2/[200]/0.001/50000.0/trial_avg": 0.8118411898612976, "TF/support2/[200]/0.001/75000.0/trial_avg": 0.803266167640686, "TF/support2/[250]/0.001/2500.0/trial_avg": 0.8386585712432861, "TF/support2/[250]/0.001/5000.0/trial_avg": 0.8310666680335999, "TF/support2/[250]/0.001/7500.0/trial_avg": 0.817302942276001, "TF/support2/[250]/0.001/10000.0/trial_avg": 0.8177399039268494, "TF/support2/[250]/0.001/25000.0/trial_avg": 0.8141897320747375, "TF/support2/[250]/0.001/50000.0/trial_avg": 0.8039761781692505, "TF/support2/[250]/0.001/75000.0/trial_avg": 0.8046106696128845, "TF/support2/[300]/0.001/2500.0/trial_avg": 0.8418810367584229, "TF/support2/[300]/0.001/5000.0/trial_avg": 0.8363646268844604, "TF/support2/[300]/0.001/7500.0/trial_avg": 0.8226009011268616, "TF/support2/[300]/0.001/10000.0/trial_avg": 0.8259872198104858, "TF/support2/[300]/0.001/25000.0/trial_avg": 0.8121142387390137, "TF/support2/[300]/0.001/50000.0/trial_avg": 0.8153284788131714, "TF/support2/[300]/0.001/75000.0/trial_avg": 0.8013545274734497, "TF/support2/[100, 100]/0.001/2500.0/trial_avg": 0.8402971029281616, "TF/support2/[100, 100]/0.001/5000.0/trial_avg": 0.8309028148651123, "TF/support2/[100, 100]/0.001/7500.0/trial_avg": 0.8292096853256226, "TF/support2/[100, 100]/0.001/10000.0/trial_avg": 0.8211262226104736, "TF/support2/[100, 100]/0.001/25000.0/trial_avg": 0.8141351342201233, "TF/support2/[100, 100]/0.001/50000.0/trial_avg": 0.7996261715888977, "TF/support2/[100, 100]/0.001/75000.0/trial_avg": 0.7962750792503357, "TF/support2/[150, 150]/0.001/2500.0/trial_avg": 0.850019097328186, "TF/support2/[150, 150]/0.001/5000.0/trial_avg": 0.833358883857727, "TF/support2/[150, 150]/0.001/7500.0/trial_avg": 0.8328690528869629, "TF/support2/[150, 150]/0.001/10000.0/trial_avg": 0.8294281363487244, "TF/support2/[150, 150]/0.001/25000.0/trial_avg": 0.817302942276001, "TF/support2/[150, 150]/0.001/50000.0/trial_avg": 0.8064364790916443, "TF/support2/[150, 150]/0.001/75000.0/trial_avg": 0.7941995859146118, "TF/support2/[200, 200]/0.001/2500.0/trial_avg": 0.8536785244941711, "TF/support2/[200, 200]/0.001/5000.0/trial_avg": 0.8381124138832092, "TF/support2/[200, 200]/0.001/7500.0/trial_avg": 0.8385493755340576, "TF/support2/[200, 200]/0.001/10000.0/trial_avg": 0.8341799378395081, "TF/support2/[200, 200]/0.001/25000.0/trial_avg": 0.8156098127365112, "TF/support2/[200, 200]/0.001/50000.0/trial_avg": 0.8124966621398926, "TF/support2/[200, 200]/0.001/75000.0/trial_avg": 0.8125512003898621, "TF/support2/[250, 250]/0.001/2500.0/trial_avg": 0.8587579727172852, "TF/support2/[250, 250]/0.001/5000.0/trial_avg": 0.8432221412658691, "TF/support2/[250, 250]/0.001/7500.0/trial_avg": 0.8362553715705872, "TF/support2/[250, 250]/0.001/10000.0/trial_avg": 0.8314960598945618, "TF/support2/[250, 250]/0.001/25000.0/trial_avg": 0.8168660402297974, "TF/support2/[250, 250]/0.001/50000.0/trial_avg": 0.8090556263923645, "TF/support2/[250, 250]/0.001/75000.0/trial_avg": 0.7998047471046448, "TF/support2/[300, 300]/0.001/2500.0/trial_avg": 0.8607788681983948, "TF/support2/[300, 300]/0.001/5000.0/trial_avg": 0.8412256240844727, "TF/support2/[300, 300]/0.001/7500.0/trial_avg": 0.8328144550323486, "TF/support2/[300, 300]/0.001/10000.0/trial_avg": 0.8388770818710327, "TF/support2/[300, 300]/0.001/25000.0/trial_avg": 0.8211262226104736, "TF/support2/[300, 300]/0.001/50000.0/trial_avg": 0.8064886331558228, "TF/support2/[300, 300]/0.001/75000.0/trial_avg": 0.8040854334831238, "TF/support2/[100, 100, 100]/0.001/2500.0/trial_avg": 0.8496367931365967, "TF/support2/[100, 100, 100]/0.001/5000.0/trial_avg": 0.8316128849983215, "TF/support2/[100, 100, 100]/0.001/7500.0/trial_avg": 0.8188868761062622, "TF/support2/[100, 100, 100]/0.001/10000.0/trial_avg": 0.8303566575050354, "TF/support2/[100, 100, 100]/0.001/25000.0/trial_avg": 0.8119503855705261, "TF/support2/[100, 100, 100]/0.001/50000.0/trial_avg": 0.8059970736503601, "TF/support2/[100, 100, 100]/0.001/75000.0/trial_avg": 0.7994198203086853, "TF/support2/[150, 150, 150]/0.001/2500.0/trial_avg": 0.8593587875366211, "TF/support2/[150, 150, 150]/0.001/5000.0/trial_avg": 0.8516030311584473, "TF/support2/[150, 150, 150]/0.001/7500.0/trial_avg": 0.8302474021911621, "TF/support2/[150, 150, 150]/0.001/10000.0/trial_avg": 0.8325413465499878, "TF/support2/[150, 150, 150]/0.001/25000.0/trial_avg": 0.8128789067268372, "TF/support2/[150, 150, 150]/0.001/50000.0/trial_avg": 0.8021191954612732, "TF/support2/[150, 150, 150]/0.001/75000.0/trial_avg": 0.8062155246734619, "TF/support2/[200, 200, 200]/0.001/2500.0/trial_avg": 0.8592225313186646, "TF/support2/[200, 200, 200]/0.001/5000.0/trial_avg": 0.8516030311584473, "TF/support2/[200, 200, 200]/0.001/7500.0/trial_avg": 0.8393139839172363, "TF/support2/[200, 200, 200]/0.001/10000.0/trial_avg": 0.833852231502533, "TF/support2/[200, 200, 200]/0.001/25000.0/trial_avg": 0.8135343194007874, "TF/support2/[200, 200, 200]/0.001/50000.0/trial_avg": 0.8045769929885864, "TF/support2/[200, 200, 200]/0.001/75000.0/trial_avg": 0.807417094707489, "TF/support2/[250, 250, 250]/0.001/2500.0/trial_avg": 0.8620026707649231, "TF/support2/[250, 250, 250]/0.001/5000.0/trial_avg": 0.8483750820159912, "TF/support2/[250, 250, 250]/0.001/7500.0/trial_avg": 0.8498006463050842, "TF/support2/[250, 250, 250]/0.001/10000.0/trial_avg": 0.8318313360214233, "TF/support2/[250, 250, 250]/0.001/25000.0/trial_avg": 0.8244579434394836, "TF/support2/[250, 250, 250]/0.001/50000.0/trial_avg": 0.8119626045227051, "TF/support2/[250, 250, 250]/0.001/75000.0/trial_avg": 0.8030476570129395, "TF/support2/[300, 300, 300]/0.001/2500.0/trial_avg": 0.8679124116897583, "TF/support2/[300, 300, 300]/0.001/5000.0/trial_avg": 0.8442296385765076, "TF/support2/[300, 300, 300]/0.001/7500.0/trial_avg": 0.8388224244117737, "TF/support2/[300, 300, 300]/0.001/10000.0/trial_avg": 0.8324867486953735, "TF/support2/[300, 300, 300]/0.001/25000.0/trial_avg": 0.819159984588623, "TF/support2/[300, 300, 300]/0.001/50000.0/trial_avg": 0.8129376769065857, "TF/support2/[300, 300, 300]/0.001/75000.0/trial_avg": 0.7997705936431885}}