{"support2": {"TF/support2/[400, 400, 400, 400]/0.001/0.1/trial_avg": 0.8194961309432983, "TF/support2/[400, 400, 400, 400]/0.001/0.05/trial_avg": 0.8234166622161865, "TF/support2/[400, 400, 400, 400]/0.001/0.025/trial_avg": 0.8254165410995483, "TF/support2/[400, 400, 400, 400]/0.001/0.01/trial_avg": 0.8290648221969604, "TF/support2/[400, 400, 400, 400]/0.001/0.005/trial_avg": 0.8364282011985779, "TF/support2/[400, 400, 400, 400]/0.001/0.0025/trial_avg": 0.8343697667121888, "TF/support2/[400, 400, 400, 400]/0.001/0.001/trial_avg": 0.8365383744239807}}