{"support2": {"TF/support2/[400, 400, 400, 400]/0.001/0.1/trial_avg": 0.7826223492622375, "TF/support2/[400, 400, 400, 400]/0.001/0.05/trial_avg": 0.8007187843322754, "TF/support2/[400, 400, 400, 400]/0.001/0.025/trial_avg": 0.809289276599884, "TF/support2/[400, 400, 400, 400]/0.001/0.01/trial_avg": 0.8204102635383606, "TF/support2/[400, 400, 400, 400]/0.001/0.005/trial_avg": 0.8220432996749878, "TF/support2/[400, 400, 400, 400]/0.001/0.001/trial_avg": 0.8333736538887024}}