{"support2": {"TF/support2/[300, 300, 300]/0.01/5.0/trial_avg": 0.8760279417037964, "TF/support2/[400, 400, 400]/0.01/5.0/trial_avg": 0.8778342008590698, "TF/support2/[500, 500, 500]/0.01/5.0/trial_avg": 0.8518720865249634, "TF/support2/[300, 300, 300, 300]/0.01/5.0/trial_avg": 0.8169986009597778, "TF/support2/[400, 400, 400, 400]/0.01/5.0/trial_avg": 0.7820127606391907, "TF/support2/[500, 500, 500, 500]/0.01/5.0/trial_avg": 0.6864553689956665, "TF/support2/[300, 300, 300, 300, 300]/0.01/5.0/trial_avg": 0.7400633096694946, "TF/support2/[400, 400, 400, 400, 400]/0.01/5.0/trial_avg": 0.6956746578216553, "TF/support2/[500, 500, 500, 500, 500]/0.01/5.0/trial_avg": 0.6734457612037659}}