{"acc": 0.9583333587646484, "standard": 8.72903239287578e-16, "causal": 3.244290564907715e-05, "stability": 0.0037780713852763863}