,test_acc,variance,maple_standard_metric,maple_causal_metric,maple_stability_metric,lime_standard_metric,lime_causal_metric,lime_stability_metric
support2,0.016821777411366146,[10.40998297 10.56327572],[15.34489333 15.45609765],[21.7000244  22.17040089],[45.88884951 41.34927073],[18.15163937 18.33213623],[22.28614354 22.39044133],[3.12355107 3.18603362]
