,test_acc,variance,maple_standard_metric,maple_causal_metric,maple_stability_metric,lime_standard_metric,lime_causal_metric,lime_stability_metric
support2,0.8198278784751893,[0.01006532 0.00988229],[0.01950883 0.01892309],[0.02500487 0.02409873],[0.15766919 0.15973782],[0.08379413 0.08120523],[0.08521138 0.0825136 ],[0.0076347  0.00731881]
