{"support2": {"TF/support2/[300, 300, 300]/0.01/5.0/trial_avg": 0.8689952492713928, "TF/support2/[400, 400, 400]/0.01/5.0/trial_avg": 0.8610513806343079, "TF/support2/[500, 500, 500]/0.01/5.0/trial_avg": 0.8309640884399414, "TF/support2/[300, 300, 300, 300]/0.01/5.0/trial_avg": 0.8154208660125732, "TF/support2/[400, 400, 400, 400]/0.01/5.0/trial_avg": 0.6952546238899231, "TF/support2/[500, 500, 500, 500]/0.01/5.0/trial_avg": 0.6974415183067322, "TF/support2/[300, 300, 300, 300, 300]/0.01/5.0/trial_avg": 0.6489399075508118, "TF/support2/[400, 400, 400, 400, 400]/0.01/5.0/trial_avg": 0.6109848618507385, "TF/support2/[500, 500, 500, 500, 500]/0.01/5.0/trial_avg": 0.5648908019065857}}