{"support2": {"TF/support2/[400, 400, 400, 400]/0.001/0.1/trial_avg": 0.7966614127159118, "TF/support2/[400, 400, 400, 400]/0.001/0.05/trial_avg": 0.7999263048171997, "TF/support2/[400, 400, 400, 400]/0.001/0.025/trial_avg": 0.8055586814880371, "TF/support2/[400, 400, 400, 400]/0.001/0.01/trial_avg": 0.809511685371399, "TF/support2/[400, 400, 400, 400]/0.001/0.005/trial_avg": 0.8145429611206054, "TF/support2/[400, 400, 400, 400]/0.001/0.0025/trial_avg": 0.819244110584259, "TF/support2/[400, 400, 400, 400]/0.001/0.001/trial_avg": 0.8284919619560241}}