{"support2": {"TF/support2/[400, 400, 400, 400]/0.001/0.001/trial_avg": 0.8145191311836243, "TF/support2/[400, 400, 400, 400]/0.001/0.0005/trial_avg": 0.8214516878128052, "TF/support2/[400, 400, 400, 400]/0.001/0.00025/trial_avg": 0.8248376965522766, "TF/support2/[400, 400, 400, 400]/0.001/0.0001/trial_avg": 0.831784451007843}}