{"acc": 0.9583333587646484, "standard": 8.038636483996889e-16, "causal": 1.7278254745178856e-05, "stability": 0.001596310987254886}