{"acc": 0.9444444274902344, "maple_pf": 0.002786502696884654, "maple_nf": 0.013178221649197212, "maple_s": 0.13771143534088193, "lime_pf": 0.009307394985634758, "lime_nf": 0.009311646395343345, "lime_s": 0.000929012918053048}