{"acc": 83.33333587646484, "maple_pf": 0.004449270972152169, "maple_nf": 0.0088673920746747, "maple_s": 0.04020854620141103, "lime_pf": 0.004384963044965975, "lime_nf": 0.004563915422342763, "lime_s": 0.0006752116576946041}