,test_acc,variance,maple_standard_metric,maple_causal_metric,maple_stability_metric,lime_standard_metric,lime_causal_metric,lime_stability_metric
support2,0.012245693628070408,[5056149.35889525 4948380.36244477],[1550656.12786229 1452355.86310171],[4714685.11311007 4533237.40754669],[14095562.31398862 12205707.3565833 ],[5898832.29423202 5463400.97248323],[8978022.47113331 8371688.58598659],[1807880.3411155  1753049.30064919]
