,test_acc,variance,maple_standard_metric,maple_causal_metric,maple_stability_metric,lime_standard_metric,lime_causal_metric,lime_stability_metric
support2,0.8332900047302245,[0.01919629 0.02182157],[0.0241135  0.02755946],[0.03484704 0.03951655],[0.34102705 0.36574898],[0.17720452 0.19838184],[0.18220358 0.20472257],[0.02553336 0.02891482]
