,test_acc,variance,maple_standard_metric,maple_causal_metric,maple_stability_metric,lime_standard_metric,lime_causal_metric,lime_stability_metric
support2,0.9051978290081024,[2374410.33669238 2397553.01906258],[761638.91638323 722916.19578283],[2267443.71152764 2230307.46588807],[7090347.16251914 6346890.62741854],[2783925.23317695 2708999.94854018],[4206757.40602328 4105384.09559032],[860593.98362689 853622.20911965]
