,test_acc,variance,maple_standard_metric,maple_causal_metric,maple_stability_metric,lime_standard_metric,lime_causal_metric,lime_stability_metric
support2,0.0031047854613354196,[0.00423483 0.00730898],[0.00767091 0.01068501],[0.00998324 0.01443623],[0.06432605 0.18023895],[0.06317879 0.0776269 ],[0.06448801 0.07999247],[0.00840466 0.01208295]
