{"support2": {"TF/support2/[500, 500, 500, 500]/0.025/trial_avg": 0.8255502581596375, "TF/support2/[300, 300, 300, 300]/0.025/trial_avg": 0.7976666212081909, "TF/support2/[500, 500, 500]/0.025/trial_avg": 0.851624858379364, "TF/support2/[400, 400, 400, 400, 400]/0.025/trial_avg": 0.8133099675178528, "TF/support2/[400, 400, 400, 400]/0.025/trial_avg": 0.81478511095047, "TF/support2/[300, 300, 300]/0.025/trial_avg": 0.8411052107810975, "TF/support2/[300, 300, 300, 300, 300]/0.025/trial_avg": 0.8189527153968811, "TF/support2/[400, 400, 400]/0.025/trial_avg": 0.8552820563316346, "TF/support2/[500, 500, 500, 500, 500]/0.025/trial_avg": 0.8164759874343872}}