{"support2": {"TF/support2/[300, 300, 300]/0.01/trial_avg": 0.9045175313949585, "TF/support2/[400, 400, 400]/0.01/trial_avg": 0.9067625403404236, "TF/support2/[500, 500, 500]/0.01/trial_avg": 0.9195578694343567, "TF/support2/[300, 300, 300, 300]/0.01/trial_avg": 0.9026119112968445, "TF/support2/[400, 400, 400, 400]/0.01/trial_avg": 0.859903872013092, "TF/support2/[500, 500, 500, 500]/0.01/trial_avg": 0.8208080530166626, "TF/support2/[300, 300, 300, 300, 300]/0.01/trial_avg": 0.8518710732460022, "TF/support2/[400, 400, 400, 400, 400]/0.01/trial_avg": 0.7997120022773743, "TF/support2/[500, 500, 500, 500, 500]/0.01/trial_avg": 0.7934359312057495}}