{"support2": {"TF/support2/[400, 400, 400, 400, 400]/0.001/trial_avg": 0.8301256179809571, "TF/support2/[500, 500, 500]/0.001/trial_avg": 0.834375262260437, "TF/support2/[300, 300, 300]/0.001/trial_avg": 0.8337640523910522, "TF/support2/[400, 400, 400]/0.001/trial_avg": 0.8323322296142578, "TF/support2/[300, 300, 300, 300]/0.001/trial_avg": 0.8330384373664856, "TF/support2/[400, 400, 400, 400]/0.001/trial_avg": 0.8364535808563233, "TF/support2/[500, 500, 500, 500, 500]/0.001/trial_avg": 0.8264441013336181, "TF/support2/[300, 300, 300, 300, 300]/0.001/trial_avg": 0.8343853831291199, "TF/support2/[500, 500, 500, 500]/0.001/trial_avg": 0.8320399522781372}}