{"acc": 0.875, "maple_pf": 0.004056432523740252, "maple_nf": 0.005248142152342186, "maple_s": 0.010864267946953835, "lime_pf": 0.007616129586090461, "lime_nf": 0.007509002443907524, "lime_s": 0.0009261460537087313}