{"acc": 94.7368392944336, "maple_pf": 0.0028141518010706655, "maple_nf": 0.007988139708858083, "maple_s": 0.04891864342076429, "lime_pf": 0.00738688890540329, "lime_nf": 0.007541837233812195, "lime_s": 0.0007538681791854367}