{"acc": 82.45613861083984, "maple_pf": 0.00615704018962547, "maple_nf": 0.026889493557375535, "maple_s": 0.10047406519791137, "lime_pf": 0.009673233265721134, "lime_nf": 0.00988229418653824, "lime_s": 0.0009268389428393734}