{"acc": 0.9444444274902344, "maple_pf": 0.008675211354091604, "maple_nf": 0.012862774032688044, "maple_s": 0.07605789485438151, "lime_pf": 0.007517003352109495, "lime_nf": 0.007541455901290041, "lime_s": 0.0007849572376424948}