{"acc": 0.9166666412353516, "standard": 1.4799118250037168e-15, "causal": 4.3039788579335436e-05, "stability": 0.0018540338596924105}