,test_acc,variance,maple_standard_metric,maple_causal_metric,maple_stability_metric,lime_standard_metric,lime_causal_metric,lime_stability_metric
support2,0.003407108783307147,[0.00223542 0.00220914],[0.01738031 0.01734747],[0.01892336 0.01916029],[0.11068204 0.05903831],[0.04826839 0.04936812],[0.05003048 0.0513962 ],[0.00923952 0.00922542]
