,test_acc,maple_standard_metric,maple_causal_metric,maple_stability_metric,lime_standard_metric,lime_causal_metric,lime_stability_metric
support2,0.01397379805361494,[0.32058652 0.31747744],[0.34626838 0.33850525],[0.52882062 0.51316118],[0.24938998 0.26418976],[0.26476817 0.28189315],[0.06366663 0.06481525]
