{"support2": {"TF/support2/[100]/0.001/2500.0/trial_avg": 0.822903573513031, "TF/support2/[100]/0.001/5000.0/trial_avg": 0.8194714784622192, "TF/support2/[100]/0.001/7500.0/trial_avg": 0.8190908432006836, "TF/support2/[100]/0.001/10000.0/trial_avg": 0.8183274269104004, "TF/support2/[100]/0.001/25000.0/trial_avg": 0.8058574795722961, "TF/support2/[100]/0.001/50000.0/trial_avg": 0.8081650137901306, "TF/support2/[100]/0.001/75000.0/trial_avg": 0.8011034727096558, "TF/support2/[150]/0.001/2500.0/trial_avg": 0.8246195912361145, "TF/support2/[150]/0.001/5000.0/trial_avg": 0.8240475654602051, "TF/support2/[150]/0.001/7500.0/trial_avg": 0.8223894238471985, "TF/support2/[150]/0.001/10000.0/trial_avg": 0.8143233060836792, "TF/support2/[150]/0.001/25000.0/trial_avg": 0.8084338903427124, "TF/support2/[150]/0.001/50000.0/trial_avg": 0.802882969379425, "TF/support2/[150]/0.001/75000.0/trial_avg": 0.7987653017044067, "TF/support2/[200]/0.001/2500.0/trial_avg": 0.8294245600700378, "TF/support2/[200]/0.001/5000.0/trial_avg": 0.8248484134674072, "TF/support2/[200]/0.001/7500.0/trial_avg": 0.8243480324745178, "TF/support2/[200]/0.001/10000.0/trial_avg": 0.8179091811180115, "TF/support2/[200]/0.001/25000.0/trial_avg": 0.8128827214241028, "TF/support2/[200]/0.001/50000.0/trial_avg": 0.7983422875404358, "TF/support2/[200]/0.001/75000.0/trial_avg": 0.8035919666290283, "TF/support2/[250]/0.001/2500.0/trial_avg": 0.8329710364341736, "TF/support2/[250]/0.001/5000.0/trial_avg": 0.8273652791976929, "TF/support2/[250]/0.001/7500.0/trial_avg": 0.8233171701431274, "TF/support2/[250]/0.001/10000.0/trial_avg": 0.8192426562309265, "TF/support2/[250]/0.001/25000.0/trial_avg": 0.8071935772895813, "TF/support2/[250]/0.001/50000.0/trial_avg": 0.8020459413528442, "TF/support2/[250]/0.001/75000.0/trial_avg": 0.8110705614089966, "TF/support2/[300]/0.001/2500.0/trial_avg": 0.8294057846069336, "TF/support2/[300]/0.001/5000.0/trial_avg": 0.8291957378387451, "TF/support2/[300]/0.001/7500.0/trial_avg": 0.8251582980155945, "TF/support2/[300]/0.001/10000.0/trial_avg": 0.8168401718139648, "TF/support2/[300]/0.001/25000.0/trial_avg": 0.8114632368087769, "TF/support2/[300]/0.001/50000.0/trial_avg": 0.8118064403533936, "TF/support2/[300]/0.001/75000.0/trial_avg": 0.8022714257240295, "TF/support2/[100, 100]/0.001/2500.0/trial_avg": 0.8349159359931946, "TF/support2/[100, 100]/0.001/5000.0/trial_avg": 0.8327422738075256, "TF/support2/[100, 100]/0.001/7500.0/trial_avg": 0.8255348205566406, "TF/support2/[100, 100]/0.001/10000.0/trial_avg": 0.8205010890960693, "TF/support2/[100, 100]/0.001/25000.0/trial_avg": 0.8107767701148987, "TF/support2/[100, 100]/0.001/50000.0/trial_avg": 0.8106935024261475, "TF/support2/[100, 100]/0.001/75000.0/trial_avg": 0.8062095642089844, "TF/support2/[150, 150]/0.001/2500.0/trial_avg": 0.845711886882782, "TF/support2/[150, 150]/0.001/5000.0/trial_avg": 0.840979278087616, "TF/support2/[150, 150]/0.001/7500.0/trial_avg": 0.8278845548629761, "TF/support2/[150, 150]/0.001/10000.0/trial_avg": 0.8191282749176025, "TF/support2/[150, 150]/0.001/25000.0/trial_avg": 0.8132936954498291, "TF/support2/[150, 150]/0.001/50000.0/trial_avg": 0.8129168748855591, "TF/support2/[150, 150]/0.001/75000.0/trial_avg": 0.8033173084259033, "TF/support2/[200, 200]/0.001/2500.0/trial_avg": 0.8549364805221558, "TF/support2/[200, 200]/0.001/5000.0/trial_avg": 0.8370410799980164, "TF/support2/[200, 200]/0.001/7500.0/trial_avg": 0.8310261964797974, "TF/support2/[200, 200]/0.001/10000.0/trial_avg": 0.8312550187110901, "TF/support2/[200, 200]/0.001/25000.0/trial_avg": 0.8116919994354248, "TF/support2/[200, 200]/0.001/50000.0/trial_avg": 0.79979407787323, "TF/support2/[200, 200]/0.001/75000.0/trial_avg": 0.7929585576057434, "TF/support2/[250, 250]/0.001/2500.0/trial_avg": 0.8618742823600769, "TF/support2/[250, 250]/0.001/5000.0/trial_avg": 0.8406333327293396, "TF/support2/[250, 250]/0.001/7500.0/trial_avg": 0.8342591524124146, "TF/support2/[250, 250]/0.001/10000.0/trial_avg": 0.8192252516746521, "TF/support2/[250, 250]/0.001/25000.0/trial_avg": 0.8119208216667175, "TF/support2/[250, 250]/0.001/50000.0/trial_avg": 0.8032952547073364, "TF/support2/[250, 250]/0.001/75000.0/trial_avg": 0.8046050667762756, "TF/support2/[300, 300]/0.001/2500.0/trial_avg": 0.8538928031921387, "TF/support2/[300, 300]/0.001/5000.0/trial_avg": 0.8315982222557068, "TF/support2/[300, 300]/0.001/7500.0/trial_avg": 0.8350576162338257, "TF/support2/[300, 300]/0.001/10000.0/trial_avg": 0.828166127204895, "TF/support2/[300, 300]/0.001/25000.0/trial_avg": 0.8087781667709351, "TF/support2/[300, 300]/0.001/50000.0/trial_avg": 0.8147808909416199, "TF/support2/[300, 300]/0.001/75000.0/trial_avg": 0.8053300380706787, "TF/support2/[100, 100, 100]/0.001/2500.0/trial_avg": 0.8467909097671509, "TF/support2/[100, 100, 100]/0.001/5000.0/trial_avg": 0.8324887156486511, "TF/support2/[100, 100, 100]/0.001/7500.0/trial_avg": 0.8277048468589783, "TF/support2/[100, 100, 100]/0.001/10000.0/trial_avg": 0.8219771385192871, "TF/support2/[100, 100, 100]/0.001/25000.0/trial_avg": 0.8155422210693359, "TF/support2/[100, 100, 100]/0.001/50000.0/trial_avg": 0.8131927847862244, "TF/support2/[100, 100, 100]/0.001/75000.0/trial_avg": 0.8104908466339111, "TF/support2/[150, 150, 150]/0.001/2500.0/trial_avg": 0.852627694606781, "TF/support2/[150, 150, 150]/0.001/5000.0/trial_avg": 0.8289669156074524, "TF/support2/[150, 150, 150]/0.001/7500.0/trial_avg": 0.8399496674537659, "TF/support2/[150, 150, 150]/0.001/10000.0/trial_avg": 0.8232467770576477, "TF/support2/[150, 150, 150]/0.001/25000.0/trial_avg": 0.8224455714225769, "TF/support2/[150, 150, 150]/0.001/50000.0/trial_avg": 0.804023265838623, "TF/support2/[150, 150, 150]/0.001/75000.0/trial_avg": 0.7987156510353088, "TF/support2/[200, 200, 200]/0.001/2500.0/trial_avg": 0.8564293384552002, "TF/support2/[200, 200, 200]/0.001/5000.0/trial_avg": 0.8381192088127136, "TF/support2/[200, 200, 200]/0.001/7500.0/trial_avg": 0.8367463946342468, "TF/support2/[200, 200, 200]/0.001/10000.0/trial_avg": 0.8303293585777283, "TF/support2/[200, 200, 200]/0.001/25000.0/trial_avg": 0.8158105611801147, "TF/support2/[200, 200, 200]/0.001/50000.0/trial_avg": 0.8044273257255554, "TF/support2/[200, 200, 200]/0.001/75000.0/trial_avg": 0.7917373776435852, "TF/support2/[250, 250, 250]/0.001/2500.0/trial_avg": 0.8526484370231628, "TF/support2/[250, 250, 250]/0.001/5000.0/trial_avg": 0.8452838063240051, "TF/support2/[250, 250, 250]/0.001/7500.0/trial_avg": 0.8313959240913391, "TF/support2/[250, 250, 250]/0.001/10000.0/trial_avg": 0.8276083469390869, "TF/support2/[250, 250, 250]/0.001/25000.0/trial_avg": 0.8118854761123657, "TF/support2/[250, 250, 250]/0.001/50000.0/trial_avg": 0.7993364334106445, "TF/support2/[250, 250, 250]/0.001/75000.0/trial_avg": 0.7942225933074951, "TF/support2/[300, 300, 300]/0.001/2500.0/trial_avg": 0.8471078872680664, "TF/support2/[300, 300, 300]/0.001/5000.0/trial_avg": 0.8388290405273438, "TF/support2/[300, 300, 300]/0.001/7500.0/trial_avg": 0.8314172625541687, "TF/support2/[300, 300, 300]/0.001/10000.0/trial_avg": 0.8331998586654663, "TF/support2/[300, 300, 300]/0.001/25000.0/trial_avg": 0.8166887760162354, "TF/support2/[300, 300, 300]/0.001/50000.0/trial_avg": 0.7993954420089722, "TF/support2/[300, 300, 300]/0.001/75000.0/trial_avg": 0.7962475419044495}}