{"support2": {"TF/support2/[32]/0.001/1.0/trial_avg": 0.8401363492012024, "TF/support2/[32]/0.001/10.0/trial_avg": 0.8453837037086487, "TF/support2/[32]/0.001/100.0/trial_avg": 0.8251916170120239, "TF/support2/[32]/0.01/1.0/trial_avg": 0.8282580971717834, "TF/support2/[32]/0.01/10.0/trial_avg": 0.8412714004516602, "TF/support2/[32]/0.01/100.0/trial_avg": 0.8281436562538147, "TF/support2/[64]/0.001/1.0/trial_avg": 0.8394920229911804, "TF/support2/[64]/0.001/10.0/trial_avg": 0.8510727286338806, "TF/support2/[64]/0.001/100.0/trial_avg": 0.8416656851768494, "TF/support2/[64]/0.01/1.0/trial_avg": 0.8354982733726501, "TF/support2/[64]/0.01/10.0/trial_avg": 0.8418945074081421, "TF/support2/[64]/0.01/100.0/trial_avg": 0.8396593928337097, "TF/support2/[128]/0.001/1.0/trial_avg": 0.8653167486190796, "TF/support2/[128]/0.001/10.0/trial_avg": 0.8561726808547974, "TF/support2/[128]/0.001/100.0/trial_avg": 0.8536443114280701, "TF/support2/[128]/0.01/1.0/trial_avg": 0.8579443097114563, "TF/support2/[128]/0.01/10.0/trial_avg": 0.8542199730873108, "TF/support2/[128]/0.01/100.0/trial_avg": 0.8217595219612122, "TF/support2/[32, 32]/0.001/1.0/trial_avg": 0.840864896774292, "TF/support2/[32, 32]/0.001/10.0/trial_avg": 0.8479254245758057, "TF/support2/[32, 32]/0.001/100.0/trial_avg": 0.8443981409072876, "TF/support2/[32, 32]/0.01/1.0/trial_avg": 0.847515344619751, "TF/support2/[32, 32]/0.01/10.0/trial_avg": 0.8405472636222839, "TF/support2/[32, 32]/0.01/100.0/trial_avg": 0.82610684633255, "TF/support2/[64, 64]/0.001/1.0/trial_avg": 0.8578555583953857, "TF/support2/[64, 64]/0.001/10.0/trial_avg": 0.8503565192222595, "TF/support2/[64, 64]/0.001/100.0/trial_avg": 0.8725599646568298, "TF/support2/[64, 64]/0.01/1.0/trial_avg": 0.842924177646637, "TF/support2/[64, 64]/0.01/10.0/trial_avg": 0.8538026809692383, "TF/support2/[64, 64]/0.01/100.0/trial_avg": 0.8396674990653992, "TF/support2/[128, 128]/0.001/1.0/trial_avg": 0.8486443161964417, "TF/support2/[128, 128]/0.001/10.0/trial_avg": 0.8647342920303345, "TF/support2/[128, 128]/0.001/100.0/trial_avg": 0.8517332077026367, "TF/support2/[128, 128]/0.01/1.0/trial_avg": 0.8452122211456299, "TF/support2/[128, 128]/0.01/10.0/trial_avg": 0.8516028523445129, "TF/support2/[128, 128]/0.01/100.0/trial_avg": 0.7814895510673523}}