,test_acc,variance,maple_standard_metric,maple_causal_metric,maple_stability_metric,lime_standard_metric,lime_causal_metric,lime_stability_metric
autompgs,0.023303169962111087,[0.00629868],[0.00481141],[0.01073751],[0.03513906],[0.00707923],[0.00763967],[0.00042737]
communities,0.04967660839550076,[0.00230871],[0.02382087],[0.12585451],[0.41305692],[0.00909254],[0.009428],[0.00026491]
day,1.1392331996895421e-05,[0.00141895],[6.92740798e-06],[1.73251496e-05],[2.41530141e-05],[9.28115503e-06],[9.8381021e-06],[3.16635662e-06]
housing,0.04445932718917452,[0.01253321],[0.01804943],[0.04829078],[0.11288493],[0.04187577],[0.04056499],[0.00076635]
music,0.08814047614876921,[0.00207107],[0.03939971],[0.07162467],[0.13653297],[0.00779347],[0.00788608],[0.00076798]
winequality-red,0.0649128428525825,[0.00454963],[0.00375174],[0.00497532],[0.00402771],[0.01288628],[0.01256553],[0.0004931]
