,test_acc,variance,maple_standard_metric,maple_causal_metric,maple_stability_metric,lime_standard_metric,lime_causal_metric,lime_stability_metric
autompgs,0.14764003790915012,[0.00425266],[0.00340844],[0.00372626],[0.00345267],[0.02029535],[0.02039226],[0.00035145]
communities,0.5089527875185013,[0.00563402],[0.1543771],[0.27750627],[1.14299323],[0.1062207],[0.10700521],[0.01741477]
day,0.005692000687122345,[0.00532885],[0.00063409],[0.00080936],[0.00132579],[0.00093976],[0.00095484],[5.37708658e-05]
housing,0.1694471798837185,[0.00477551],[0.02768228],[0.03121238],[0.08606374],[0.06782651],[0.06887563],[0.00203757]
music,0.7187591940164567,[0.00321261],[0.12692224],[0.13197012],[0.04202897],[0.0861513],[0.08621903],[0.00683693]
winequality-red,0.6451027512550354,[0.00308545],[0.0078418],[0.00818884],[0.00253079],[0.01734209],[0.01753563],[0.00068491]
