,test_acc,variance,maple_standard_metric,maple_causal_metric,maple_stability_metric,lime_standard_metric,lime_causal_metric,lime_stability_metric
autompgs,0.13022498302161695,[0.00439513],[0.00137593],[0.00151938],[0.0016735],[0.01102021],[0.01101854],[0.00011549]
communities,0.4599179029464721,[0.00351013],[0.13461438],[0.24301886],[0.77041077],[0.08009187],[0.07905631],[0.00454354]
day,1.6730122268882045e-06,[0.00742303],[2.44094921e-07],[3.22764134e-07],[4.0432337e-07],[4.12756353e-05],[4.17665004e-05],[4.44293274e-06]
housing,0.14944105632603166,[0.00537264],[0.02781122],[0.03301154],[0.10156499],[0.05699046],[0.05717198],[0.00115817]
music,0.6690564841032027,[0.0024013],[0.14004684],[0.14387716],[0.05046806],[0.06609146],[0.06556978],[0.00227442]
winequality-red,0.6396299064159393,[0.00254401],[0.00267951],[0.00278651],[0.00092301],[0.00245935],[0.00248196],[7.38316964e-05]
