,test_acc,variance,maple_standard_metric,maple_causal_metric,maple_stability_metric,lime_standard_metric,lime_causal_metric,lime_stability_metric
autompgs,0.14721144810318948,[0.03613091],[0.00986147],[0.01821166],[0.04324092],[0.02845931],[0.03059215],[0.00083845]
communities,0.5235239267349244,[0.01715204],[0.1012086],[0.60447452],[1.65930695],[0.05530436],[0.05690391],[0.00319053]
day,1.136595488162584e-05,[0.04618856],[6.44799411e-06],[1.64268157e-05],[2.36201748e-05],[4.40830469e-05],[5.02379992e-05],[4.03460104e-06]
housing,0.15310604721307755,[0.05927495],[0.04139655],[0.095066],[0.2723201],[0.09624642],[0.10098881],[0.00351714]
music,0.6304883599281311,[0.02031316],[0.16780543],[0.21188036],[0.19313399],[0.06948351],[0.0687541],[0.00369063]
winequality-red,0.6356571257114411,[0.02399248],[0.0100148],[0.01280591],[0.00938359],[0.02111292],[0.0221004],[0.00101773]
