,test_acc,variance,maple_standard_metric,maple_causal_metric,maple_stability_metric,lime_standard_metric,lime_causal_metric,lime_stability_metric
autompgs,0.039714550076248537,[0.00037223],[0.00127638],[0.00130911],[0.00152552],[0.00506705],[0.00506177],[9.26535246e-05]
communities,0.03960798745078322,[0.00080466],[0.02875499],[0.06035887],[0.58474179],[0.01588168],[0.01606092],[0.00312783]
day,0.006075875573013132,[0.00058529],[0.00042033],[0.00051525],[0.00088979],[0.00055848],[0.00056411],[2.64538202e-05]
housing,0.07305334089116029,[0.00073656],[0.01290593],[0.01379195],[0.10468576],[0.01832958],[0.01880065],[0.00057817]
music,0.09635548337902682,[0.00043764],[0.02244691],[0.02311615],[0.02474234],[0.0207283],[0.0211438],[0.00181351]
winequality-red,0.05109566974886444,[0.00058142],[0.00326821],[0.00340494],[0.00096574],[0.00477906],[0.00487812],[0.00024715]
