,test_acc,variance,maple_standard_metric,maple_causal_metric,maple_stability_metric,lime_standard_metric,lime_causal_metric,lime_stability_metric
autompgs,0.018550078279318555,[0.00066863],[0.00337897],[0.0036807],[0.00365937],[0.00944198],[0.00930324],[0.00027374]
communities,0.05082329902893887,[0.00098882],[0.04585468],[0.08921747],[0.37308965],[0.02467255],[0.02450366],[0.00286445]
day,0.0008726678738125805,[0.00035539],[0.00079833],[0.00087993],[0.00023057],[0.00068098],[0.0007224],[9.27885451e-05]
housing,0.039907473067521564,[0.00138393],[0.00969988],[0.01792901],[0.35346439],[0.03057691],[0.03117991],[0.00044815]
music,0.06351890531670612,[0.00129059],[0.05096121],[0.0499679],[0.02044642],[0.01934054],[0.01957266],[0.00325887]
winequality-red,0.055716320090036624,[0.00090173],[0.00844951],[0.0089954],[0.00171418],[0.01631518],[0.01632438],[0.00083968]
