{"autompgs": {"TF/autompgs/[200, 200]/0.001/0.001/trial_avg": 0.1429185317993164, "TF/autompgs/[200, 200]/0.001/0.025/trial_avg": 0.12845883801579475, "TF/autompgs/[200, 200]/0.001/0.005/trial_avg": 0.13199126449227333, "TF/autompgs/[200, 200]/0.001/0.05/trial_avg": 0.11729974865913391, "TF/autompgs/[200, 200]/0.001/0.01/trial_avg": 0.11903364190459251, "TF/autompgs/[200, 200]/0.001/0.1/trial_avg": 0.13510926008224486}, "communities": {"TF/communities/[400, 400, 400, 400, 400]/0.001/0.001/trial_avg": 0.47885551323890685, "TF/communities/[400, 400, 400, 400, 400]/0.001/0.005/trial_avg": 0.4967780138254166, "TF/communities/[400, 400, 400, 400, 400]/0.001/0.01/trial_avg": 0.49357958340644836, "TF/communities/[400, 400, 400, 400, 400]/0.001/0.1/trial_avg": 0.4911554300785065, "TF/communities/[400, 400, 400, 400, 400]/0.001/0.025/trial_avg": 0.4939775174856186, "TF/communities/[400, 400, 400, 400, 400]/0.001/0.05/trial_avg": 0.48893275678157805}, "day": {"TF/day/[500]/0.001/0.005/trial_avg": -0.0003125493697443744, "TF/day/[500]/0.001/0.05/trial_avg": -0.004992930836521055, "TF/day/[500]/0.001/0.025/trial_avg": -0.002472666693702195, "TF/day/[500]/0.001/0.1/trial_avg": -0.009998144509626742, "TF/day/[500]/0.001/0.01/trial_avg": -0.0009156955386524715, "TF/day/[500]/0.001/0.001/trial_avg": 0.0002418939435505308}, "housing": {"TF/housing/[100, 100, 100, 100, 100]/0.001/0.05/trial_avg": 0.19521810978651047, "TF/housing/[100, 100, 100, 100, 100]/0.001/0.005/trial_avg": 0.14017088291049004, "TF/housing/[100, 100, 100, 100, 100]/0.001/0.001/trial_avg": 0.170131244713068, "TF/housing/[100, 100, 100, 100, 100]/0.001/0.01/trial_avg": 0.19524570310115813, "TF/housing/[100, 100, 100, 100, 100]/0.001/0.025/trial_avg": 0.17732213720679282, "TF/housing/[100, 100, 100, 100, 100]/0.001/0.1/trial_avg": 0.229896622300148}, "music": {"TF/music/[500, 500, 500, 500]/0.001/0.1/trial_avg": 0.6708345139026641, "TF/music/[500, 500, 500, 500]/0.001/0.001/trial_avg": 0.6677074359893799, "TF/music/[500, 500, 500, 500]/0.001/0.01/trial_avg": 0.6192820420265198, "TF/music/[500, 500, 500, 500]/0.001/0.005/trial_avg": 0.6808861787319184, "TF/music/[500, 500, 500, 500]/0.001/0.05/trial_avg": 0.6730750453472137, "TF/music/[500, 500, 500, 500]/0.001/0.025/trial_avg": 0.6845855867862702}, "winequality-red": {"TF/winequality-red/[300, 300, 300, 300]/0.001/0.1/trial_avg": 0.6231069707870484, "TF/winequality-red/[300, 300, 300, 300]/0.001/0.025/trial_avg": 0.6229461169242859, "TF/winequality-red/[300, 300, 300, 300]/0.001/0.01/trial_avg": 0.6225576748847962, "TF/winequality-red/[300, 300, 300, 300]/0.001/0.05/trial_avg": 0.6145798754692078, "TF/winequality-red/[300, 300, 300, 300]/0.001/0.001/trial_avg": 0.6320634650230408, "TF/winequality-red/[300, 300, 300, 300]/0.001/0.005/trial_avg": 0.6322806532382965}}