{"autompgs": {"TF/autompgs/[200, 200]/0.001/0.05/trial_avg": 0.11809535071253777, "TF/autompgs/[200, 200]/0.001/0.1/trial_avg": 0.12543165773153303, "TF/autompgs/[200, 200]/0.001/0.001/trial_avg": 0.14088915606737137, "TF/autompgs/[200, 200]/0.001/0.01/trial_avg": 0.12503817284107208, "TF/autompgs/[200, 200]/0.001/0.005/trial_avg": 0.13187426728010176}, "communities": {"TF/communities/[400, 400, 400, 400, 400]/0.001/0.005/trial_avg": 0.46807225596904756, "TF/communities/[400, 400, 400, 400, 400]/0.001/0.01/trial_avg": 0.5099982162714004, "TF/communities/[400, 400, 400, 400, 400]/0.001/0.05/trial_avg": 0.5237560969591141, "TF/communities/[400, 400, 400, 400, 400]/0.001/0.1/trial_avg": 0.5714372599124908, "TF/communities/[400, 400, 400, 400, 400]/0.001/0.001/trial_avg": 0.49204125275611876}, "day": {"TF/day/[500]/0.001/0.01/trial_avg": 0.0015655863631982357, "TF/day/[500]/0.001/0.001/trial_avg": 0.0008142151684500277, "TF/day/[500]/0.001/0.1/trial_avg": -0.005852360955905171, "TF/day/[500]/0.001/0.05/trial_avg": -0.001075845084851609, "TF/day/[500]/0.001/0.005/trial_avg": 0.00026580271124839784}, "housing": {"TF/housing/[100, 100, 100, 100, 100]/0.001/0.05/trial_avg": 0.22474364459514617, "TF/housing/[100, 100, 100, 100, 100]/0.001/0.001/trial_avg": 0.14534133916497233, "TF/housing/[100, 100, 100, 100, 100]/0.001/0.1/trial_avg": 0.21718458548188208, "TF/housing/[100, 100, 100, 100, 100]/0.001/0.005/trial_avg": 0.15925137203931808, "TF/housing/[100, 100, 100, 100, 100]/0.001/0.01/trial_avg": 0.13013402500748633}, "music": {"TF/music/[500, 500, 500, 500]/0.001/0.1/trial_avg": 0.6576847040653229, "TF/music/[500, 500, 500, 500]/0.001/0.05/trial_avg": 0.6440105211734771, "TF/music/[500, 500, 500, 500]/0.001/0.005/trial_avg": 0.665069406747818, "TF/music/[500, 500, 500, 500]/0.001/0.01/trial_avg": 0.7037171473503113, "TF/music/[500, 500, 500, 500]/0.001/0.001/trial_avg": 0.6712982999324799}, "winequality-red": {"TF/winequality-red/[300, 300, 300, 300]/0.001/0.01/trial_avg": 0.5910404732227326, "TF/winequality-red/[300, 300, 300, 300]/0.001/0.1/trial_avg": 0.634433069229126, "TF/winequality-red/[300, 300, 300, 300]/0.001/0.05/trial_avg": 0.6345473659038544, "TF/winequality-red/[300, 300, 300, 300]/0.001/0.005/trial_avg": 0.6469935173988343, "TF/winequality-red/[300, 300, 300, 300]/0.001/0.001/trial_avg": 0.6442505048751831}}