,test_acc,variance,maple_standard_metric,maple_causal_metric,maple_stability_metric,lime_standard_metric,lime_causal_metric,lime_stability_metric
autompgs,0.024385346452200495,[0.00119808],[0.00686047],[0.00792889],[0.00588657],[0.01064006],[0.01045992],[0.00050049]
communities,0.042322108051854254,[0.00215717],[0.01534546],[0.02925778],[0.1294973],[0.01495002],[0.01479201],[0.00341699]
day,0.0004932523178127052,[0.00026915],[0.00049207],[0.00050419],[6.5984202e-06],[0.00020721],[0.00020993],[5.7029837e-05]
housing,0.027010125944500377,[0.0019609],[0.01959199],[0.02107829],[0.10623523],[0.04059312],[0.03909145],[0.00139168]
music,0.09841879088542933,[0.00163506],[0.04946285],[0.05027728],[0.02128528],[0.02306208],[0.02379154],[0.00383982]
winequality-red,0.05984076325792693,[0.00074047],[0.00247763],[0.00264263],[0.00089705],[0.00741285],[0.00758403],[0.00032001]
