,test_acc,variance,maple_standard_metric,maple_causal_metric,maple_stability_metric,lime_standard_metric,lime_causal_metric,lime_stability_metric
autompgs,0.007426185956215374,[0.00110998],[0.00554149],[0.00584945],[0.00577495],[0.00951349],[0.00960268],[0.00039714]
communities,0.04749962609965316,[0.00586388],[0.0702655],[0.1103044],[0.42123822],[0.04799325],[0.05114438],[0.0256755]
day,0.0005756939567805578,[0.00021448],[0.00048952],[0.00051249],[0.00047286],[0.0014736],[0.00141373],[6.70515976e-05]
happiness,0.0007422518304759776,[0.00548602],[0.00044749],[0.00047892],[1.33221364e-05],[0.00044095],[0.00047216],[4.26901659e-05]
housing,0.018061927297675355,[0.00149664],[0.00856739],[0.00898688],[0.02627505],[0.01260657],[0.01304884],[0.00048326]
music,0.07243725000305465,[0.0019892],[0.01998888],[0.01973127],[0.0226627],[0.01876056],[0.01955635],[0.00403976]
winequality-red,0.08538740257598805,[0.00046689],[0.00453714],[0.0047015],[0.00116759],[0.0065684],[0.00678737],[0.00031773]
