,test_acc,variance,maple_standard_metric,maple_causal_metric,maple_stability_metric,lime_standard_metric,lime_causal_metric,lime_stability_metric
autompgs,0.12401530332863331,[0.00522223],[0.00903458],[0.01000936],[0.01124753],[0.02852114],[0.02869897],[0.00073066]
communities,0.639141783118248,[0.02116427],[0.23622453],[0.36968435],[1.14324676],[0.14619607],[0.15417171],[0.0790228]
day,0.0026235109253320843,[0.00631934],[0.00240963],[0.00277721],[0.0011324],[0.00298415],[0.00306526],[0.00033215]
happiness,0.003992606652900577,[0.04633638],[0.00326608],[0.0033764],[3.83253107e-05],[0.00509032],[0.00519745],[0.00024808]
housing,0.1577230729162693,[0.00608236],[0.0188061],[0.02093746],[0.04210117],[0.05332786],[0.05331442],[0.0016108]
music,0.7081932872533798,[0.00822421],[0.12728757],[0.13462209],[0.03300174],[0.06398164],[0.06506518],[0.01401748]
winequality-red,0.6185243278741837,[0.00337424],[0.00823102],[0.00847339],[0.00194693],[0.01325005],[0.01349423],[0.00069395]
