{"autompgs": {"TF/autompgs/[200, 200]/0.001/0.1/trial_avg": 0.12286837860941885, "TF/autompgs/[200, 200]/0.001/0.05/trial_avg": 0.1442197185754776, "TF/autompgs/[200, 200]/0.001/0.025/trial_avg": 0.1281720979511738, "TF/autompgs/[200, 200]/0.001/0.01/trial_avg": 0.11863774338364601, "TF/autompgs/[200, 200]/0.001/0.005/trial_avg": 0.13722492110729217, "TF/autompgs/[200, 200]/0.001/0.001/trial_avg": 0.12407288720607758}, "communities": {"TF/communities/[400, 400, 400, 400, 400]/0.001/0.1/trial_avg": 0.45065246164798733, "TF/communities/[400, 400, 400, 400, 400]/0.001/0.05/trial_avg": 0.48310060918331144, "TF/communities/[400, 400, 400, 400, 400]/0.001/0.025/trial_avg": 0.4690854048728943, "TF/communities/[400, 400, 400, 400, 400]/0.001/0.01/trial_avg": 0.4730446597337723, "TF/communities/[400, 400, 400, 400, 400]/0.001/0.005/trial_avg": 0.472668808221817, "TF/communities/[400, 400, 400, 400, 400]/0.001/0.001/trial_avg": 0.4610864537000656}, "day": {"TF/day/[500]/0.001/0.1/trial_avg": -0.009990499931077184, "TF/day/[500]/0.001/0.05/trial_avg": -0.004991222978971451, "TF/day/[500]/0.001/0.025/trial_avg": -0.0024808162792717787, "TF/day/[500]/0.001/0.01/trial_avg": -0.000994864750132706, "TF/day/[500]/0.001/0.005/trial_avg": -0.000490669869271187, "TF/day/[500]/0.001/0.001/trial_avg": 0.00047717958043213003}, "housing": {"TF/housing/[100, 100, 100, 100, 100]/0.001/0.1/trial_avg": 0.17254093825817107, "TF/housing/[100, 100, 100, 100, 100]/0.001/0.05/trial_avg": 0.14814845293760298, "TF/housing/[100, 100, 100, 100, 100]/0.001/0.025/trial_avg": 0.16452752858400344, "TF/housing/[100, 100, 100, 100, 100]/0.001/0.01/trial_avg": 0.12969422394037247, "TF/housing/[100, 100, 100, 100, 100]/0.001/0.005/trial_avg": 0.14631431651115417, "TF/housing/[100, 100, 100, 100, 100]/0.001/0.001/trial_avg": 0.1236945795059204}, "music": {"TF/music/[500, 500, 500, 500]/0.001/0.1/trial_avg": 0.6507119917869568, "TF/music/[500, 500, 500, 500]/0.001/0.05/trial_avg": 0.6919374477863312, "TF/music/[500, 500, 500, 500]/0.001/0.025/trial_avg": 0.7596572494506837, "TF/music/[500, 500, 500, 500]/0.001/0.01/trial_avg": 0.6757530977725983, "TF/music/[500, 500, 500, 500]/0.001/0.005/trial_avg": 0.6965828413963319, "TF/music/[500, 500, 500, 500]/0.001/0.001/trial_avg": 0.7335559116840362}, "winequality-red": {"TF/winequality-red/[300, 300, 300, 300]/0.001/0.1/trial_avg": 0.6662976586818695, "TF/winequality-red/[300, 300, 300, 300]/0.001/0.05/trial_avg": 0.6378021907806396, "TF/winequality-red/[300, 300, 300, 300]/0.001/0.025/trial_avg": 0.6472715413570405, "TF/winequality-red/[300, 300, 300, 300]/0.001/0.01/trial_avg": 0.6753751089572907, "TF/winequality-red/[300, 300, 300, 300]/0.001/0.005/trial_avg": 0.627968680381775, "TF/winequality-red/[300, 300, 300, 300]/0.001/0.001/trial_avg": 0.6433043407440185}}