"","Unregularized","Regularized","Regularized1D"
"Accuracy","0.833 (0.0031)","0.835 (0.00129)","0.797 (0.00227)"
"Variance","0.0192 (0.00423), 0.0218 (0.00731)","0.0137 (0.0033), 0.0137 (0.00339)","0.00913 (0.00149), 0.00932 (0.000927)"
"MAPLE-PF","0.0241 (0.00767), NA (0.0107)","0.0188 (0.00467), 0.0191 (0.00447)","0.0174 (0.00215), 0.018 (0.00236)"
"MAPLE-NF","0.0348 (0.00998), 0.0395 (0.0144)","0.0262 (0.00588), 0.0262 (NA)","0.0227 (0.00266), 0.0233 (NA)"
"MAPLE-Stability","0.341 (0.0643), 0.366 (0.18)","0.233 (0.0796), 0.244 (0.0705)","0.115 (0.0384), 0.132 (0.0356)"
"LIME-PF","0.177 (0.0632), 0.198 (0.0776)","0.115 (0.0321), 0.114 (0.0301)","0.0349 (0.0109), 0.0367 (0.00961)"
"LIME-NF","0.182 (0.0645), 0.205 (0.08)","0.118 (0.0329), 0.117 (0.0308)","0.0357 (0.011), 0.0376 (0.00981)"
"LIME-Stability","0.0255 (0.0084), 0.0289 (0.0121)","0.0151 (0.00407), 0.0151 (0.00432)","0.00424 (0.000708), 0.00444 (0.000475)"
