,Unregularized,Regularized,Regularized1D
Accuracy,0.833 (0.0031),0.834 (0.00371),0.82 (0.00301)
Variance,"0.0192 (0.00423), 0.0218 (0.00731)","0.00832 (0.00161), 0.00843 (0.00161)","0.0101 (0.00172), 0.00988 (0.00191)"
MAPLE-PF,"0.0241 (0.00767), 0.0276 (0.0107)","0.0133 (0.00409), 0.0131 (0.00387)","0.0195 (0.00459), 0.0189 (0.00601)"
MAPLE-NF,"0.0348 (0.00998), 0.0395 (0.0144)","0.018 (0.00468), 0.0177 (0.00468)","0.025 (0.00534), 0.0241 (0.00693)"
MAPLE-Stability,"0.341 (0.0643), 0.366 (0.18)","0.133 (0.045), 0.13 (0.03)","0.158 (0.032), 0.16 (0.0551)"
LIME-PF,"0.177 (0.0632), 0.198 (0.0776)","0.05 (0.00805), 0.05 (0.00785)","0.0838 (0.0245), 0.0812 (0.0263)"
LIME-NF,"0.182 (0.0645), 0.205 (0.08)","0.051 (0.00828), 0.051 (0.00808)","0.0852 (0.0247), 0.0825 (0.0266)"
LIME-Stability,"0.0255 (0.0084), 0.0289 (0.0121)","0.00473 (0.000818), 0.00469 (0.000827)","0.00763 (0.00216), 0.00731 (0.00218)"