"","Unregularized","Regularized","Regularized1D"
"Accuracy","0.0031","0.00371","0.00301"
"Variance","0.00423, 0.00731","0.00161, 0.00161","0.00172, 0.00191"
"MAPLE-PF","0.00767, 0.0107","0.00409, 0.00387","0.00459, 0.00601"
"MAPLE-NF","0.00998, 0.0144","0.00468, 0.00468","0.00534, 0.00693"
"MAPLE-Stability","0.0643, 0.18","0.045, 0.03","0.032, 0.0551"
"LIME-PF","0.0632, 0.0776","0.00805, 0.00785","0.0245, 0.0263"
"LIME-NF","0.0645, 0.08","0.00828, 0.00808","0.0247, 0.0266"
"LIME-Stability","0.0084, 0.0121","0.000818, 0.000827","0.00216, 0.00218"
