,test_acc,variance,maple_standard_metric,maple_causal_metric,maple_stability_metric,lime_standard_metric,lime_causal_metric,lime_stability_metric
autompgs,0.1334332775324583,[0.03560437],[0.01287354],[0.0207746],[0.04063008],[0.03275279],[0.03459732],[0.0008616]
communities,0.5526688307523728,[0.0712685],[0.09324804],[0.56258142],[1.5578606],[0.06975948],[0.07822547],[0.02353717]
day,0.0015206229523755611,[0.04180418],[0.00152051],[0.00280608],[7.87628887e-06],[0.00170875],[0.00211207],[0.0002417]
housing,0.14525320753455162,[0.05936128],[0.04962153],[0.10643715],[0.35347758],[0.12723023],[0.13324183],[0.00439001]
music,0.7634075701236726,[0.04281022],[0.11585062],[0.15158388],[0.08986631],[0.05987893],[0.06340075],[0.01029485]
winequality-red,0.6119060337543486,[0.02396621],[0.00932322],[0.01222559],[0.00930676],[0.02054438],[0.02171085],[0.00108981]