,test_acc,variance,maple_standard_metric,maple_causal_metric,maple_stability_metric,lime_standard_metric,lime_causal_metric,lime_stability_metric
autompgs,0.1304485350847244,[0.04135057],[0.01548574],[0.02822539],[0.06057397],[0.04176871],[0.04542356],[0.00121798]
communities,0.5362647026777267,[0.06381401],[0.12510108],[0.73940067],[2.10843571],[0.08329058],[0.09330876],[0.02836813]
day,0.0019031922740396113,[0.04200515],[0.00190181],[0.00311707],[1.67347777e-05],[0.00158302],[0.00194584],[0.00024476]
housing,0.15510005801916124,[0.06449534],[0.04534333],[0.08949247],[0.40808759],[0.11572878],[0.11834996],[0.00454562]
music,0.7066924929618836,[0.03963334],[0.15326558],[0.20526229],[0.15028274],[0.08666789],[0.08960333],[0.01151353]
winequality-red,0.6326851904392243,[0.03253428],[0.02481323],[0.03157314],[0.02045676],[0.04670653],[0.04964193],[0.00237962]
