,test_acc,variance,maple_standard_metric,maple_causal_metric,maple_stability_metric,lime_standard_metric,lime_causal_metric,lime_stability_metric
autompgs,0.03106826968385504,[0.0012524],[0.01076412],[0.01130906],[0.009556],[0.01010629],[0.00936343],[0.00031371]
communities,0.035796816083873854,[0.00244437],[0.03332315],[0.06168535],[0.29087148],[0.01876719],[0.01947423],[0.00797876]
day,0.0011782745172797269,[0.00023674],[0.00117848],[0.00123202],[3.56101647e-07],[0.00038991],[0.00037652],[5.07504248e-05]
housing,0.053691371115180124,[0.00338183],[0.01507548],[0.01783415],[0.07766063],[0.03235289],[0.03329015],[0.00164658]
music,0.06760605797896027,[0.00157034],[0.04270702],[0.04506434],[0.02092681],[0.01814605],[0.01822904],[0.00312607]
winequality-red,0.06984836820629219,[0.00159432],[0.0137492],[0.01429851],[0.0030274],[0.02278867],[0.02319572],[0.00140487]
