,test_acc,variance,maple_standard_metric,maple_causal_metric,maple_stability_metric,lime_standard_metric,lime_causal_metric,lime_stability_metric
autompgs,0.02939160852586045,[0.005954],[0.00535163],[0.01001171],[0.02205899],[0.00822144],[0.00711],[0.00028938]
communities,0.033106409656395545,[0.01978555],[0.04293],[0.26622233],[0.8793513],[0.02783824],[0.03129135],[0.00986029]
day,0.0007735349398010692,[0.00157311],[0.00077607],[0.00112549],[3.2333025e-05],[0.00042852],[0.00037477],[2.99742213e-05]
housing,0.05840397127712459,[0.01553206],[0.01801358],[0.03747392],[0.24988741],[0.0279114],[0.02861136],[0.00185494]
music,0.05214677580226323,[0.00946002],[0.05663314],[0.07064361],[0.13351668],[0.02595801],[0.02456726],[0.00418733]
winequality-red,0.06427407219543158,[0.01135505],[0.02053738],[0.02485954],[0.01295783],[0.02948731],[0.03168887],[0.0017648]
