{"day": {"TF/day/[200]/0.001/trial_avg": 0.0017884582513943315, "TF/day/[100]/0.001/trial_avg": 0.0029028540244325995, "TF/day/[150]/0.001/trial_avg": 0.002339232456870377, "TF/day/[200, 200]/0.001/trial_avg": 0.0026133482810109855, "TF/day/[100, 100]/0.001/trial_avg": 0.00372418686747551, "TF/day/[150, 150, 150]/0.001/trial_avg": 0.0035384366288781165, "TF/day/[250, 250, 250]/0.001/trial_avg": 0.002726026182062924, "TF/day/[200, 200, 200]/0.001/trial_avg": 0.003455117857083678, "TF/day/[150, 150]/0.001/trial_avg": 0.0029256460722535847, "TF/day/[250, 250]/0.001/trial_avg": 0.001975908363237977, "TF/day/[300, 300, 300]/0.001/trial_avg": 0.0023362775100395083, "TF/day/[100, 100, 100]/0.001/trial_avg": 0.004973356146365404, "TF/day/[300, 300]/0.001/trial_avg": 0.0017956625437363983, "TF/day/[300]/0.001/trial_avg": 0.0014580723480321466, "TF/day/[250]/0.001/trial_avg": 0.0016182351624593138}, "communities": {"TF/communities/[250, 250, 250]/0.001/trial_avg": 0.5432380795478821, "TF/communities/[100]/0.001/trial_avg": 0.599012267589569, "TF/communities/[250]/0.001/trial_avg": 0.5390939354896546, "TF/communities/[200, 200, 200]/0.001/trial_avg": 0.552184236049652, "TF/communities/[200]/0.001/trial_avg": 0.5774518370628356, "TF/communities/[150]/0.001/trial_avg": 0.5695934176445008, "TF/communities/[300]/0.001/trial_avg": 0.5659084439277648, "TF/communities/[150, 150, 150]/0.001/trial_avg": 0.5891347050666809, "TF/communities/[300, 300]/0.001/trial_avg": 0.5590238213539124, "TF/communities/[250, 250]/0.001/trial_avg": 0.554952085018158, "TF/communities/[300, 300, 300]/0.001/trial_avg": 0.5405856430530548, "TF/communities/[100, 100, 100]/0.001/trial_avg": 0.5931171298027038, "TF/communities/[200, 200]/0.001/trial_avg": 0.5592363357543946, "TF/communities/[100, 100]/0.001/trial_avg": 0.5662426352500916, "TF/communities/[150, 150]/0.001/trial_avg": 0.5493971347808838}, "music": {"TF/music/[250, 250]/0.001/trial_avg": 0.8122481226921081, "TF/music/[100]/0.001/trial_avg": 0.7655178189277649, "TF/music/[150, 150]/0.001/trial_avg": 0.7629931569099426, "TF/music/[150, 150, 150]/0.001/trial_avg": 0.7898293495178222, "TF/music/[100, 100]/0.001/trial_avg": 0.8239860892295837, "TF/music/[200, 200, 200]/0.001/trial_avg": 0.7291096448898315, "TF/music/[150]/0.001/trial_avg": 0.7566879153251648, "TF/music/[250, 250, 250]/0.001/trial_avg": 0.7268911480903626, "TF/music/[300, 300]/0.001/trial_avg": 0.7746101140975952, "TF/music/[200, 200]/0.001/trial_avg": 0.7821133017539978, "TF/music/[300]/0.001/trial_avg": 0.7206589341163635, "TF/music/[100, 100, 100]/0.001/trial_avg": 0.7811374306678772, "TF/music/[250]/0.001/trial_avg": 0.820550262928009, "TF/music/[200]/0.001/trial_avg": 0.7573679089546204, "TF/music/[300, 300, 300]/0.001/trial_avg": 0.7446710944175721}, "autompgs": {"TF/autompgs/[100, 100, 100]/0.001/trial_avg": 0.14631714820861816, "TF/autompgs/[150]/0.001/trial_avg": 0.11981271505355835, "TF/autompgs/[250, 250]/0.001/trial_avg": 0.1413118213415146, "TF/autompgs/[300]/0.001/trial_avg": 0.12976552695035934, "TF/autompgs/[200, 200, 200]/0.001/trial_avg": 0.12061633914709091, "TF/autompgs/[250, 250, 250]/0.001/trial_avg": 0.13890126645565032, "TF/autompgs/[150, 150]/0.001/trial_avg": 0.13533173501491547, "TF/autompgs/[200]/0.001/trial_avg": 0.14958526492118834, "TF/autompgs/[250]/0.001/trial_avg": 0.1443193018436432, "TF/autompgs/[200, 200]/0.001/trial_avg": 0.1143227368593216, "TF/autompgs/[100, 100]/0.001/trial_avg": 0.13140619099140166, "TF/autompgs/[300, 300]/0.001/trial_avg": 0.13342871963977815, "TF/autompgs/[100]/0.001/trial_avg": 0.13212896436452864, "TF/autompgs/[150, 150, 150]/0.001/trial_avg": 0.14383080303668977, "TF/autompgs/[300, 300, 300]/0.001/trial_avg": 0.13880330622196196}, "winequality-red": {"TF/winequality-red/[200, 200, 200]/0.001/trial_avg": 0.6947805285453796, "TF/winequality-red/[150, 150, 150]/0.001/trial_avg": 0.6591010093688965, "TF/winequality-red/[250]/0.001/trial_avg": 0.6654282331466674, "TF/winequality-red/[100, 100]/0.001/trial_avg": 0.6482129096984863, "TF/winequality-red/[200, 200]/0.001/trial_avg": 0.6362863779067993, "TF/winequality-red/[300, 300, 300]/0.001/trial_avg": 0.6090841054916382, "TF/winequality-red/[200]/0.001/trial_avg": 0.6139301657676697, "TF/winequality-red/[300]/0.001/trial_avg": 0.6066808104515076, "TF/winequality-red/[150]/0.001/trial_avg": 0.6448773145675659, "TF/winequality-red/[100]/0.001/trial_avg": 0.6383011817932129, "TF/winequality-red/[250, 250, 250]/0.001/trial_avg": 0.6728326797485351, "TF/winequality-red/[100, 100, 100]/0.001/trial_avg": 0.6796955704689026, "TF/winequality-red/[150, 150]/0.001/trial_avg": 0.6283086478710175, "TF/winequality-red/[300, 300]/0.001/trial_avg": 0.6597765445709228, "TF/winequality-red/[250, 250]/0.001/trial_avg": 0.6468979716300964}, "housing": {"TF/housing/[100, 100]/0.001/trial_avg": 0.13439097255468369, "TF/housing/[200]/0.001/trial_avg": 0.13237188756465912, "TF/housing/[250, 250, 250]/0.001/trial_avg": 0.13720247596502305, "TF/housing/[200, 200, 200]/0.001/trial_avg": 0.10661193132400512, "TF/housing/[250]/0.001/trial_avg": 0.14735482931137084, "TF/housing/[200, 200]/0.001/trial_avg": 0.1743841588497162, "TF/housing/[100]/0.001/trial_avg": 0.1363168925046921, "TF/housing/[150, 150, 150]/0.001/trial_avg": 0.15417653769254686, "TF/housing/[150]/0.001/trial_avg": 0.15676928460597991, "TF/housing/[100, 100, 100]/0.001/trial_avg": 0.14564838707447053, "TF/housing/[300]/0.001/trial_avg": 0.17731684744358062, "TF/housing/[300, 300, 300]/0.001/trial_avg": 0.1296626329421997, "TF/housing/[150, 150]/0.001/trial_avg": 0.1371472015976906, "TF/housing/[300, 300]/0.001/trial_avg": 0.21442749351263046, "TF/housing/[250, 250]/0.001/trial_avg": 0.1309739589691162}}