{"autompgs": {"TF/autompgs/[100]/0.001/trial_avg": 0.15031855553388596, "TF/autompgs/[150]/0.001/trial_avg": 0.13187184929847717, "TF/autompgs/[200]/0.001/trial_avg": 0.1456264741718769, "TF/autompgs/[250]/0.001/trial_avg": 0.1201065219938755, "TF/autompgs/[300]/0.001/trial_avg": 0.10963429510593414, "TF/autompgs/[100, 100]/0.001/trial_avg": 0.14928772300481796, "TF/autompgs/[150, 150]/0.001/trial_avg": 0.14295633882284164, "TF/autompgs/[200, 200]/0.001/trial_avg": 0.13086343929171562, "TF/autompgs/[250, 250]/0.001/trial_avg": 0.11578945815563202, "TF/autompgs/[300, 300]/0.001/trial_avg": 0.14431392773985863, "TF/autompgs/[100, 100, 100]/0.001/trial_avg": 0.1261284351348877, "TF/autompgs/[150, 150, 150]/0.001/trial_avg": 0.14250362664461136, "TF/autompgs/[200, 200, 200]/0.001/trial_avg": 0.11011230573058128, "TF/autompgs/[250, 250, 250]/0.001/trial_avg": 0.1503733992576599, "TF/autompgs/[300, 300, 300]/0.001/trial_avg": 0.1019866019487381}, "communities": {"TF/communities/[100]/0.001/trial_avg": 0.5431995391845703, "TF/communities/[150]/0.001/trial_avg": 0.6121816337108612, "TF/communities/[200]/0.001/trial_avg": 0.588881254196167, "TF/communities/[250]/0.001/trial_avg": 0.5460725277662277, "TF/communities/[300]/0.001/trial_avg": 0.5560634434223175, "TF/communities/[100, 100]/0.001/trial_avg": 0.5646632313728333, "TF/communities/[150, 150]/0.001/trial_avg": 0.5886976718902588, "TF/communities/[200, 200]/0.001/trial_avg": 0.5504590570926666, "TF/communities/[250, 250]/0.001/trial_avg": 0.525562584400177, "TF/communities/[300, 300]/0.001/trial_avg": 0.5477255582809448, "TF/communities/[100, 100, 100]/0.001/trial_avg": 0.5286180377006531, "TF/communities/[150, 150, 150]/0.001/trial_avg": 0.565345823764801, "TF/communities/[200, 200, 200]/0.001/trial_avg": 0.5581963956356049, "TF/communities/[250, 250, 250]/0.001/trial_avg": 0.5306620895862579, "TF/communities/[300, 300, 300]/0.001/trial_avg": 0.5594422519207001}, "day": {"TF/day/[100]/0.001/trial_avg": 0.002090226043947041, "TF/day/[150]/0.001/trial_avg": 0.0024617399321869016, "TF/day/[200]/0.001/trial_avg": 0.001867380808107555, "TF/day/[250]/0.001/trial_avg": 0.0017590837669558823, "TF/day/[300]/0.001/trial_avg": 0.0018149916431866586, "TF/day/[100, 100]/0.001/trial_avg": 0.0032621395075693727, "TF/day/[150, 150]/0.001/trial_avg": 0.003429706091992557, "TF/day/[200, 200]/0.001/trial_avg": 0.0033109233481809497, "TF/day/[250, 250]/0.001/trial_avg": 0.0019269890617579222, "TF/day/[300, 300]/0.001/trial_avg": 0.002111993613652885, "TF/day/[100, 100, 100]/0.001/trial_avg": 0.004694953793659806, "TF/day/[150, 150, 150]/0.001/trial_avg": 0.0029087034054100513, "TF/day/[200, 200, 200]/0.001/trial_avg": 0.0026842060033231974, "TF/day/[250, 250, 250]/0.001/trial_avg": 0.0020682087051682174, "TF/day/[300, 300, 300]/0.001/trial_avg": 0.002224135911092162}, "housing": {"TF/housing/[100]/0.001/trial_avg": 0.1513688676059246, "TF/housing/[150]/0.001/trial_avg": 0.1196100004017353, "TF/housing/[200]/0.001/trial_avg": 0.25454773753881454, "TF/housing/[250]/0.001/trial_avg": 0.15283272415399551, "TF/housing/[300]/0.001/trial_avg": 0.20030176639556885, "TF/housing/[100, 100]/0.001/trial_avg": 0.1545780599117279, "TF/housing/[150, 150]/0.001/trial_avg": 0.0973796434700489, "TF/housing/[200, 200]/0.001/trial_avg": 0.12825613841414452, "TF/housing/[250, 250]/0.001/trial_avg": 0.10316471755504608, "TF/housing/[300, 300]/0.001/trial_avg": 0.11393313109874725, "TF/housing/[100, 100, 100]/0.001/trial_avg": 0.17402944713830948, "TF/housing/[150, 150, 150]/0.001/trial_avg": 0.11267009377479553, "TF/housing/[200, 200, 200]/0.001/trial_avg": 0.11007234081625938, "TF/housing/[250, 250, 250]/0.001/trial_avg": 0.15262892842292786, "TF/housing/[300, 300, 300]/0.001/trial_avg": 0.10941488668322563}, "music": {"TF/music/[100]/0.001/trial_avg": 0.7563234865665436, "TF/music/[150]/0.001/trial_avg": 0.8315695822238922, "TF/music/[200]/0.001/trial_avg": 0.8420769572257996, "TF/music/[250]/0.001/trial_avg": 0.7165865004062653, "TF/music/[300]/0.001/trial_avg": 0.7730044722557068, "TF/music/[100, 100]/0.001/trial_avg": 0.6830617189407349, "TF/music/[150, 150]/0.001/trial_avg": 0.7801163494586945, "TF/music/[200, 200]/0.001/trial_avg": 0.8604398369789124, "TF/music/[250, 250]/0.001/trial_avg": 0.7184299528598785, "TF/music/[300, 300]/0.001/trial_avg": 0.7506765425205231, "TF/music/[100, 100, 100]/0.001/trial_avg": 0.7767287790775299, "TF/music/[150, 150, 150]/0.001/trial_avg": 0.7575961947441101, "TF/music/[200, 200, 200]/0.001/trial_avg": 0.8066116869449615, "TF/music/[250, 250, 250]/0.001/trial_avg": 0.7152335345745087, "TF/music/[300, 300, 300]/0.001/trial_avg": 0.6761775016784668}, "winequality-red": {"TF/winequality-red/[100]/0.001/trial_avg": 0.6691310405731201, "TF/winequality-red/[150]/0.001/trial_avg": 0.6216439008712769, "TF/winequality-red/[200]/0.001/trial_avg": 0.625171035528183, "TF/winequality-red/[250]/0.001/trial_avg": 0.6061128079891205, "TF/winequality-red/[300]/0.001/trial_avg": 0.6087163984775543, "TF/winequality-red/[100, 100]/0.001/trial_avg": 0.6485386788845062, "TF/winequality-red/[150, 150]/0.001/trial_avg": 0.6677856743335724, "TF/winequality-red/[200, 200]/0.001/trial_avg": 0.712769627571106, "TF/winequality-red/[250, 250]/0.001/trial_avg": 0.6771033406257629, "TF/winequality-red/[300, 300]/0.001/trial_avg": 0.7039454281330109, "TF/winequality-red/[100, 100, 100]/0.001/trial_avg": 0.5967856347560883, "TF/winequality-red/[150, 150, 150]/0.001/trial_avg": 0.5873165726661682, "TF/winequality-red/[200, 200, 200]/0.001/trial_avg": 0.676073431968689, "TF/winequality-red/[250, 250, 250]/0.001/trial_avg": 0.7673870623111725, "TF/winequality-red/[300, 300, 300]/0.001/trial_avg": 0.6240632832050323}}