{"autompgs": {"TF/autompgs/[100]/0.001/trial_avg": 0.12916791439056396, "TF/autompgs/[150]/0.001/trial_avg": 0.10482339933514595, "TF/autompgs/[200]/0.001/trial_avg": 0.14406459033489227, "TF/autompgs/[250]/0.001/trial_avg": 0.10336877778172493, "TF/autompgs/[300]/0.001/trial_avg": 0.12125067785382271, "TF/autompgs/[100, 100]/0.001/trial_avg": 0.1075737476348877, "TF/autompgs/[150, 150]/0.001/trial_avg": 0.14354611188173294, "TF/autompgs/[200, 200]/0.001/trial_avg": 0.11024089530110359, "TF/autompgs/[250, 250]/0.001/trial_avg": 0.15219740569591522, "TF/autompgs/[300, 300]/0.001/trial_avg": 0.11761171743273735, "TF/autompgs/[100, 100, 100]/0.001/trial_avg": 0.1252114363014698, "TF/autompgs/[150, 150, 150]/0.001/trial_avg": 0.1371491476893425, "TF/autompgs/[200, 200, 200]/0.001/trial_avg": 0.09649572521448135, "TF/autompgs/[250, 250, 250]/0.001/trial_avg": 0.14365413039922714, "TF/autompgs/[300, 300, 300]/0.001/trial_avg": 0.1372661143541336}, "communities": {"TF/communities/[100]/0.001/trial_avg": 0.5594093203544617, "TF/communities/[150]/0.001/trial_avg": 0.6351003050804138, "TF/communities/[200]/0.001/trial_avg": 0.5396862030029297, "TF/communities/[250]/0.001/trial_avg": 0.5664215683937073, "TF/communities/[300]/0.001/trial_avg": 0.5474722981452942, "TF/communities/[100, 100]/0.001/trial_avg": 0.5517422258853912, "TF/communities/[150, 150]/0.001/trial_avg": 0.5650135278701782, "TF/communities/[200, 200]/0.001/trial_avg": 0.5984301567077637, "TF/communities/[250, 250]/0.001/trial_avg": 0.5754404962062836, "TF/communities/[300, 300]/0.001/trial_avg": 0.5539405941963196, "TF/communities/[100, 100, 100]/0.001/trial_avg": 0.5674842000007629, "TF/communities/[150, 150, 150]/0.001/trial_avg": 0.5652483403682709, "TF/communities/[200, 200, 200]/0.001/trial_avg": 0.5462087094783783, "TF/communities/[250, 250, 250]/0.001/trial_avg": 0.523581475019455, "TF/communities/[300, 300, 300]/0.001/trial_avg": 0.5422119796276093}, "day": {"TF/day/[100]/0.001/trial_avg": 0.0023650173097848892, "TF/day/[150]/0.001/trial_avg": 0.0013881476479582489, "TF/day/[200]/0.001/trial_avg": 0.0016252974164672196, "TF/day/[250]/0.001/trial_avg": 0.0012556813890114427, "TF/day/[300]/0.001/trial_avg": 0.00125915341777727, "TF/day/[100, 100]/0.001/trial_avg": 0.004096007673069835, "TF/day/[150, 150]/0.001/trial_avg": 0.003248765249736607, "TF/day/[200, 200]/0.001/trial_avg": 0.0019091361900791526, "TF/day/[250, 250]/0.001/trial_avg": 0.00261200696695596, "TF/day/[300, 300]/0.001/trial_avg": 0.0031675383215770125, "TF/day/[100, 100, 100]/0.001/trial_avg": 0.007378402166068554, "TF/day/[150, 150, 150]/0.001/trial_avg": 0.0032786582596600056, "TF/day/[200, 200, 200]/0.001/trial_avg": 0.002871111617423594, "TF/day/[250, 250, 250]/0.001/trial_avg": 0.0023811141727492213, "TF/day/[300, 300, 300]/0.001/trial_avg": 0.0021096448181197047}, "housing": {"TF/housing/[100]/0.001/trial_avg": 0.1498706266283989, "TF/housing/[150]/0.001/trial_avg": 0.17782556638121605, "TF/housing/[200]/0.001/trial_avg": 0.14037763699889183, "TF/housing/[250]/0.001/trial_avg": 0.15394926071166992, "TF/housing/[300]/0.001/trial_avg": 0.13615406677126884, "TF/housing/[100, 100]/0.001/trial_avg": 0.11535390466451645, "TF/housing/[150, 150]/0.001/trial_avg": 0.11596128717064857, "TF/housing/[200, 200]/0.001/trial_avg": 0.09875998646020889, "TF/housing/[250, 250]/0.001/trial_avg": 0.15553970634937286, "TF/housing/[300, 300]/0.001/trial_avg": 0.13917694985866547, "TF/housing/[100, 100, 100]/0.001/trial_avg": 0.12019667774438858, "TF/housing/[150, 150, 150]/0.001/trial_avg": 0.10600395500659943, "TF/housing/[200, 200, 200]/0.001/trial_avg": 0.13075192645192146, "TF/housing/[250, 250, 250]/0.001/trial_avg": 0.18388942629098892, "TF/housing/[300, 300, 300]/0.001/trial_avg": 0.1609273925423622}, "music": {"TF/music/[100]/0.001/trial_avg": 0.7129913866519928, "TF/music/[150]/0.001/trial_avg": 0.6345153450965881, "TF/music/[200]/0.001/trial_avg": 0.7769205272197723, "TF/music/[250]/0.001/trial_avg": 0.7433071136474609, "TF/music/[300]/0.001/trial_avg": 0.8535727560520172, "TF/music/[100, 100]/0.001/trial_avg": 0.775206059217453, "TF/music/[150, 150]/0.001/trial_avg": 0.7952812612056732, "TF/music/[200, 200]/0.001/trial_avg": 0.8064328730106354, "TF/music/[250, 250]/0.001/trial_avg": 0.7547172009944916, "TF/music/[300, 300]/0.001/trial_avg": 0.7499688565731049, "TF/music/[100, 100, 100]/0.001/trial_avg": 0.80416139960289, "TF/music/[150, 150, 150]/0.001/trial_avg": 0.8293836414813995, "TF/music/[200, 200, 200]/0.001/trial_avg": 0.8269168436527252, "TF/music/[250, 250, 250]/0.001/trial_avg": 0.6824361979961395, "TF/music/[300, 300, 300]/0.001/trial_avg": 0.6460700333118439}, "winequality-red": {"TF/winequality-red/[100]/0.001/trial_avg": 0.7170741558074951, "TF/winequality-red/[150]/0.001/trial_avg": 0.6355885565280914, "TF/winequality-red/[200]/0.001/trial_avg": 0.5688562989234924, "TF/winequality-red/[250]/0.001/trial_avg": 0.6106679141521454, "TF/winequality-red/[300]/0.001/trial_avg": 0.6065692603588104, "TF/winequality-red/[100, 100]/0.001/trial_avg": 0.579668790102005, "TF/winequality-red/[150, 150]/0.001/trial_avg": 0.617586612701416, "TF/winequality-red/[200, 200]/0.001/trial_avg": 0.5610840916633606, "TF/winequality-red/[250, 250]/0.001/trial_avg": 0.5492831468582153, "TF/winequality-red/[300, 300]/0.001/trial_avg": 0.6041389107704163, "TF/winequality-red/[100, 100, 100]/0.001/trial_avg": 0.6138777732849121, "TF/winequality-red/[150, 150, 150]/0.001/trial_avg": 0.641661673784256, "TF/winequality-red/[200, 200, 200]/0.001/trial_avg": 0.7281425297260284, "TF/winequality-red/[250, 250, 250]/0.001/trial_avg": 0.621963232755661, "TF/winequality-red/[300, 300, 300]/0.001/trial_avg": 0.6348536908626556}}