{"autompgs": {"TF/autompgs/[100]/0.001/trial_avg": 0.14191242232918738, "TF/autompgs/[200]/0.001/trial_avg": 0.13046547323465346, "TF/autompgs/[300]/0.001/trial_avg": 0.12892902344465257, "TF/autompgs/[400]/0.001/trial_avg": 0.13269324451684952, "TF/autompgs/[500]/0.001/trial_avg": 0.1404021829366684, "TF/autompgs/[100, 100]/0.001/trial_avg": 0.15107302442193032, "TF/autompgs/[200, 200]/0.001/trial_avg": 0.12507875859737397, "TF/autompgs/[300, 300]/0.001/trial_avg": 0.13694575428962708, "TF/autompgs/[400, 400]/0.001/trial_avg": 0.126483041793108, "TF/autompgs/[500, 500]/0.001/trial_avg": 0.12784267514944075, "TF/autompgs/[100, 100, 100]/0.001/trial_avg": 0.13038727939128875, "TF/autompgs/[200, 200, 200]/0.001/trial_avg": 0.13558391556143762, "TF/autompgs/[300, 300, 300]/0.001/trial_avg": 0.13856976702809334, "TF/autompgs/[400, 400, 400]/0.001/trial_avg": 0.1275657333433628, "TF/autompgs/[500, 500, 500]/0.001/trial_avg": 0.13393063321709633, "TF/autompgs/[100, 100, 100, 100]/0.001/trial_avg": 0.14429302737116814, "TF/autompgs/[200, 200, 200, 200]/0.001/trial_avg": 0.13182864636182784, "TF/autompgs/[300, 300, 300, 300]/0.001/trial_avg": 0.13266474157571792, "TF/autompgs/[400, 400, 400, 400]/0.001/trial_avg": 0.1366572581231594, "TF/autompgs/[500, 500, 500, 500]/0.001/trial_avg": 0.13599756434559823, "TF/autompgs/[100, 100, 100, 100, 100]/0.001/trial_avg": 0.1418027512729168, "TF/autompgs/[200, 200, 200, 200, 200]/0.001/trial_avg": 0.15799300074577333, "TF/autompgs/[300, 300, 300, 300, 300]/0.001/trial_avg": 0.14186161980032921, "TF/autompgs/[400, 400, 400, 400, 400]/0.001/trial_avg": 0.13665394708514214, "TF/autompgs/[500, 500, 500, 500, 500]/0.001/trial_avg": 0.15487260818481446}, "communities": {"TF/communities/[100]/0.001/trial_avg": 0.5701895147562027, "TF/communities/[200]/0.001/trial_avg": 0.5582090586423873, "TF/communities/[300]/0.001/trial_avg": 0.5580213606357575, "TF/communities/[400]/0.001/trial_avg": 0.5683788418769836, "TF/communities/[500]/0.001/trial_avg": 0.5597349882125855, "TF/communities/[100, 100]/0.001/trial_avg": 0.5971871972084045, "TF/communities/[200, 200]/0.001/trial_avg": 0.5678784906864166, "TF/communities/[300, 300]/0.001/trial_avg": 0.5576318114995956, "TF/communities/[400, 400]/0.001/trial_avg": 0.5383645921945572, "TF/communities/[500, 500]/0.001/trial_avg": 0.5308825731277466, "TF/communities/[100, 100, 100]/0.001/trial_avg": 0.5774263679981232, "TF/communities/[200, 200, 200]/0.001/trial_avg": 0.5831405401229859, "TF/communities/[300, 300, 300]/0.001/trial_avg": 0.5164923071861267, "TF/communities/[400, 400, 400]/0.001/trial_avg": 0.5241809636354446, "TF/communities/[500, 500, 500]/0.001/trial_avg": 0.50834341943264, "TF/communities/[100, 100, 100, 100]/0.001/trial_avg": 0.5969661176204681, "TF/communities/[200, 200, 200, 200]/0.001/trial_avg": 0.5356925457715989, "TF/communities/[300, 300, 300, 300]/0.001/trial_avg": 0.4939619690179825, "TF/communities/[400, 400, 400, 400]/0.001/trial_avg": 0.4708216845989227, "TF/communities/[500, 500, 500, 500]/0.001/trial_avg": 0.45401638448238374, "TF/communities/[100, 100, 100, 100, 100]/0.001/trial_avg": 0.5542078614234924, "TF/communities/[200, 200, 200, 200, 200]/0.001/trial_avg": 0.5212134033441543, "TF/communities/[300, 300, 300, 300, 300]/0.001/trial_avg": 0.493234246969223, "TF/communities/[400, 400, 400, 400, 400]/0.001/trial_avg": 0.4538273185491562, "TF/communities/[500, 500, 500, 500, 500]/0.001/trial_avg": 0.45530361533164976}, "day": {"TF/day/[100]/0.001/trial_avg": 0.0037674652645364403, "TF/day/[200]/0.001/trial_avg": 0.0018838208401575685, "TF/day/[300]/0.001/trial_avg": 0.0015153413987718523, "TF/day/[400]/0.001/trial_avg": 0.0012497946503572167, "TF/day/[500]/0.001/trial_avg": 0.001032542623579502, "TF/day/[100, 100]/0.001/trial_avg": 0.0036446724086999895, "TF/day/[200, 200]/0.001/trial_avg": 0.002523842197842896, "TF/day/[300, 300]/0.001/trial_avg": 0.0019056801917031406, "TF/day/[400, 400]/0.001/trial_avg": 0.0013942368561401964, "TF/day/[500, 500]/0.001/trial_avg": 0.0013352288282476366, "TF/day/[100, 100, 100]/0.001/trial_avg": 0.004462475841864944, "TF/day/[200, 200, 200]/0.001/trial_avg": 0.0027926185284741223, "TF/day/[300, 300, 300]/0.001/trial_avg": 0.0021840516827069225, "TF/day/[400, 400, 400]/0.001/trial_avg": 0.0017838063766248524, "TF/day/[500, 500, 500]/0.001/trial_avg": 0.0017840069136582314, "TF/day/[100, 100, 100, 100]/0.001/trial_avg": 0.0058764578774571415, "TF/day/[200, 200, 200, 200]/0.001/trial_avg": 0.003376160794869065, "TF/day/[300, 300, 300, 300]/0.001/trial_avg": 0.0021203220821917057, "TF/day/[400, 400, 400, 400]/0.001/trial_avg": 0.0018560662399977445, "TF/day/[500, 500, 500, 500]/0.001/trial_avg": 0.0016327573219314217, "TF/day/[100, 100, 100, 100, 100]/0.001/trial_avg": 0.005793674569576979, "TF/day/[200, 200, 200, 200, 200]/0.001/trial_avg": 0.0033440737752243876, "TF/day/[300, 300, 300, 300, 300]/0.001/trial_avg": 0.002702788170427084, "TF/day/[400, 400, 400, 400, 400]/0.001/trial_avg": 0.00181087045930326, "TF/day/[500, 500, 500, 500, 500]/0.001/trial_avg": 0.0016137856640852989}, "housing": {"TF/housing/[100]/0.001/trial_avg": 0.1499633990228176, "TF/housing/[200]/0.001/trial_avg": 0.15542248412966728, "TF/housing/[300]/0.001/trial_avg": 0.14994444325566292, "TF/housing/[400]/0.001/trial_avg": 0.13271113932132722, "TF/housing/[500]/0.001/trial_avg": 0.15040274187922478, "TF/housing/[100, 100]/0.001/trial_avg": 0.15034338012337684, "TF/housing/[200, 200]/0.001/trial_avg": 0.13487271815538407, "TF/housing/[300, 300]/0.001/trial_avg": 0.1338660217821598, "TF/housing/[400, 400]/0.001/trial_avg": 0.1482648506760597, "TF/housing/[500, 500]/0.001/trial_avg": 0.14877186268568038, "TF/housing/[100, 100, 100]/0.001/trial_avg": 0.14257492497563362, "TF/housing/[200, 200, 200]/0.001/trial_avg": 0.17445410341024398, "TF/housing/[300, 300, 300]/0.001/trial_avg": 0.14733042418956757, "TF/housing/[400, 400, 400]/0.001/trial_avg": 0.14914858266711234, "TF/housing/[500, 500, 500]/0.001/trial_avg": 0.1511292539536953, "TF/housing/[100, 100, 100, 100]/0.001/trial_avg": 0.13688946664333343, "TF/housing/[200, 200, 200, 200]/0.001/trial_avg": 0.15068372189998627, "TF/housing/[300, 300, 300, 300]/0.001/trial_avg": 0.13522511571645737, "TF/housing/[400, 400, 400, 400]/0.001/trial_avg": 0.14754934310913087, "TF/housing/[500, 500, 500, 500]/0.001/trial_avg": 0.1260169491171837, "TF/housing/[100, 100, 100, 100, 100]/0.001/trial_avg": 0.12521139085292815, "TF/housing/[200, 200, 200, 200, 200]/0.001/trial_avg": 0.1464134357869625, "TF/housing/[300, 300, 300, 300, 300]/0.001/trial_avg": 0.14951618313789367, "TF/housing/[400, 400, 400, 400, 400]/0.001/trial_avg": 0.13117968887090684, "TF/housing/[500, 500, 500, 500, 500]/0.001/trial_avg": 0.16670189201831817}, "music": {"TF/music/[100]/0.001/trial_avg": 0.8291655659675599, "TF/music/[200]/0.001/trial_avg": 0.791215980052948, "TF/music/[300]/0.001/trial_avg": 0.7376546025276184, "TF/music/[400]/0.001/trial_avg": 0.7407694458961487, "TF/music/[500]/0.001/trial_avg": 0.7200010418891907, "TF/music/[100, 100]/0.001/trial_avg": 0.8267439663410187, "TF/music/[200, 200]/0.001/trial_avg": 0.7603841722011566, "TF/music/[300, 300]/0.001/trial_avg": 0.7612099289894104, "TF/music/[400, 400]/0.001/trial_avg": 0.7040897369384765, "TF/music/[500, 500]/0.001/trial_avg": 0.7105613827705384, "TF/music/[100, 100, 100]/0.001/trial_avg": 0.7695255517959595, "TF/music/[200, 200, 200]/0.001/trial_avg": 0.8002449750900269, "TF/music/[300, 300, 300]/0.001/trial_avg": 0.7116266369819642, "TF/music/[400, 400, 400]/0.001/trial_avg": 0.7613229990005493, "TF/music/[500, 500, 500]/0.001/trial_avg": 0.708750331401825, "TF/music/[100, 100, 100, 100]/0.001/trial_avg": 0.7478736221790314, "TF/music/[200, 200, 200, 200]/0.001/trial_avg": 0.7406285047531128, "TF/music/[300, 300, 300, 300]/0.001/trial_avg": 0.7824121415615082, "TF/music/[400, 400, 400, 400]/0.001/trial_avg": 0.7262551248073578,