,test_acc,maple_standard_metric,maple_causal_metric,maple_stability_metric,lime_standard_metric,lime_causal_metric,lime_stability_metric
support2,0.8544085681438446,[5078.82585267 5293.68254017],[5384.88983412 5947.18329582],[ 5701.81497164 13488.57900885],[5437.56078832 7095.33322958],[5601.92886005 7367.17521146],[1489.96629157 1857.61157761]
