,test_acc,maple_standard_metric,maple_causal_metric,maple_stability_metric,lime_standard_metric,lime_causal_metric,lime_stability_metric
support2,0.012982589342299908,[6349.39785926 6656.60619   ],[6632.94402994 7700.21956797],[ 4930.73753328 24337.9900956 ],[ 6393.61907359 10448.94611661],[ 6528.26986132 10779.50164077],[1661.17727333 2501.3590678 ]
