,test_acc,variance,maple_standard_metric,maple_causal_metric,maple_stability_metric,lime_standard_metric,lime_causal_metric,lime_stability_metric
support2,0.0045088995504872055,[2.06719946 1.7728499 ],[12.40398992 10.6702176 ],[13.6383099  11.71608265],[24.90081596 23.61975562],[14.82829034 12.32224193],[15.13134671 12.46121758],[2.78276475 2.36256735]
