{"support2": {"TF/support2/[100]/0.001/trial_avg": 0.8449833989143372, "TF/support2/[150]/0.001/trial_avg": 0.8453266024589539, "TF/support2/[200]/0.001/trial_avg": 0.8458986282348633, "TF/support2/[250]/0.001/trial_avg": 0.8468138575553894, "TF/support2/[300]/0.001/trial_avg": 0.8606841564178467, "TF/support2/[100, 100]/0.001/trial_avg": 0.8504747748374939, "TF/support2/[150, 150]/0.001/trial_avg": 0.8590550422668457, "TF/support2/[200, 200]/0.001/trial_avg": 0.8586221933364868, "TF/support2/[250, 250]/0.001/trial_avg": 0.84624183177948, "TF/support2/[300, 300]/0.001/trial_avg": 0.8509323596954346, "TF/support2/[100, 100, 100]/0.001/trial_avg": 0.849330723285675, "TF/support2/[150, 150, 150]/0.001/trial_avg": 0.8497534394264221, "TF/support2/[200, 200, 200]/0.001/trial_avg": 0.8521908521652222, "TF/support2/[250, 250, 250]/0.001/trial_avg": 0.8466994762420654, "TF/support2/[300, 300, 300]/0.001/trial_avg": 0.8463562726974487}}