{"support2": {"TF/support2/[100]/0.001/trial_avg": 0.8512014150619507, "TF/support2/[150]/0.001/trial_avg": 0.8609427213668823, "TF/support2/[200]/0.001/trial_avg": 0.8638144731521606, "TF/support2/[250]/0.001/trial_avg": 0.859031081199646, "TF/support2/[300]/0.001/trial_avg": 0.8671706914901733, "TF/support2/[100, 100]/0.001/trial_avg": 0.859904944896698, "TF/support2/[150, 150]/0.001/trial_avg": 0.8652029037475586, "TF/support2/[200, 200]/0.001/trial_avg": 0.8636736273765564, "TF/support2/[250, 250]/0.001/trial_avg": 0.8686309456825256, "TF/support2/[300, 300]/0.001/trial_avg": 0.8622456789016724, "TF/support2/[100, 100, 100]/0.001/trial_avg": 0.8660221695899963, "TF/support2/[150, 150, 150]/0.001/trial_avg": 0.8683295249938965, "TF/support2/[200, 200, 200]/0.001/trial_avg": 0.8719208836555481, "TF/support2/[250, 250, 250]/0.001/trial_avg": 0.8636760711669922, "TF/support2/[300, 300, 300]/0.001/trial_avg": 0.8627368807792664}}