{"support2": {"TF/support2/[32]/0.001/trial_avg": 0.857972264289856, "TF/support2/[32]/0.01/trial_avg": 0.8325134515762329, "TF/support2/[64]/0.001/trial_avg": 0.8699584603309631, "TF/support2/[64]/0.01/trial_avg": 0.8652886748313904, "TF/support2/[128]/0.001/trial_avg": 0.8491591215133667, "TF/support2/[128]/0.01/trial_avg": 0.8555727601051331, "TF/support2/[32, 32]/0.001/trial_avg": 0.8379584550857544, "TF/support2/[32, 32]/0.01/trial_avg": 0.8575493693351746, "TF/support2/[64, 64]/0.001/trial_avg": 0.853449285030365, "TF/support2/[64, 64]/0.01/trial_avg": 0.8563462495803833, "TF/support2/[128, 128]/0.001/trial_avg": 0.8477840423583984, "TF/support2/[128, 128]/0.01/trial_avg": 0.8558007478713989}}