{"hospital_readmission": {"TF/hospital_readmission/[32]/0.0001/trial_avg": 0.5465772747993469}, "support2": {"TF/support2/[32]/0.0001/trial_avg": 0.6450234651565552}}