{"acc": 0.875, "standard": 6.842761487745378e-16, "causal": 3.391822974663228e-05, "stability": 0.001932219023087277}