,test_acc,variance,maple_standard_metric,maple_causal_metric,maple_stability_metric,lime_standard_metric,lime_causal_metric,lime_stability_metric
autompgs,0.020746134762365632,[0.00699155],[0.00600939],[0.00902126],[0.02292799],[0.00859469],[0.00776737],[0.00036866]
communities,0.04673983115109521,[0.01911886],[0.05981768],[0.35925908],[1.00313613],[0.03538644],[0.04167283],[0.01229523]
day,0.0006905925068409035,[0.00148671],[0.00057706],[0.00081364],[0.00075193],[0.00033917],[0.0003602],[3.47938783e-05]
housing,0.02666080483228148,[0.00977475],[0.01127622],[0.03472096],[0.12077117],[0.02442206],[0.02753705],[0.0012064]
music,0.07049446468179321,[0.0116976],[0.05299313],[0.07466888],[0.08504165],[0.02764551],[0.02958019],[0.00491181]
winequality-red,0.049567993791256204,[0.00400867],[0.00433574],[0.00526468],[0.00366092],[0.00666397],[0.00760235],[0.00041748]