,test_acc,variance,maple_standard_metric,maple_causal_metric,maple_stability_metric,lime_standard_metric,lime_causal_metric,lime_stability_metric
autompgs,0.13109163939952853,[0.00541327],[0.00764674],[0.00835137],[0.00773693],[0.02895091],[0.02942679],[0.00077516]
communities,0.5505485221743585,[0.00614302],[0.09180069],[0.15835403],[0.60338867],[0.07868605],[0.08018812],[0.01777029]
day,0.005846927023958415,[0.00550035],[0.00075852],[0.00094331],[0.00121149],[0.0009831],[0.00101631],[9.99641903e-05]
housing,0.14536759927868845,[0.00575087],[0.02747056],[0.03229773],[0.08813653],[0.0638547],[0.06437104],[0.00250137]
music,0.7429498076438904,[0.0046733],[0.12861674],[0.13602443],[0.04519165],[0.08004342],[0.07988645],[0.00844708]
winequality-red,0.6576072245836259,[0.0021155],[0.00163695],[0.00170656],[0.00040334],[0.00285543],[0.00291392],[0.00016134]
