,test_acc,variance,maple_standard_metric,maple_causal_metric,maple_stability_metric,lime_standard_metric,lime_causal_metric,lime_stability_metric
autompgs,0.14021260887384412,[0.00538547],[0.00666929],[0.00741523],[0.00682406],[0.02457113],[0.02480878],[0.00069074]
communities,0.5695368468761444,[0.00711952],[0.07607826],[0.13692328],[0.51269735],[0.06518851],[0.06644339],[0.01522419]
day,0.0022517415636684746,[0.00627131],[0.00132556],[0.00160322],[0.0016989],[0.0014833],[0.00153611],[0.0001636]
housing,0.155867300927639,[0.00747991],[0.04207218],[0.04708909],[0.10391662],[0.10600772],[0.10734586],[0.00375787]
music,0.7516702592372895,[0.00484167],[0.14070771],[0.14689962],[0.04234803],[0.08459594],[0.08464321],[0.00863092]
winequality-red,0.6419249504804612,[0.00229],[0.00350053],[0.00364855],[0.00082309],[0.0074464],[0.00753352],[0.00030202]
