,test_acc,variance,maple_standard_metric,maple_causal_metric,maple_stability_metric,lime_standard_metric,lime_causal_metric,lime_stability_metric
autompgs,0.14254324436187746,[0.00658254],[0.01341538],[0.01520912],[0.01258351],[0.03798651],[0.03831467],[0.00102608]
communities,0.576665836572647,[0.01108751],[0.08135059],[0.14689396],[0.56581219],[0.05909017],[0.06013949],[0.01962257]
day,0.0011857855773996563,[0.00697142],[0.00118361],[0.00137091],[4.86881476e-06],[0.00097614],[0.00104032],[0.00019948]
housing,0.14264364987611775,[0.00975003],[0.05360942],[0.06029648],[0.18354862],[0.12476308],[0.12575784],[0.00428928]
music,0.7188712477684022,[0.00669535],[0.14586267],[0.15303072],[0.0536171],[0.06750344],[0.06876449],[0.01187289]
winequality-red,0.5974894523620605,[0.00315705],[0.00733853],[0.00769732],[0.00219317],[0.01854122],[0.0187218],[0.00075873]
