,test_acc,variance,maple_standard_metric,maple_causal_metric,maple_stability_metric,lime_standard_metric,lime_causal_metric,lime_stability_metric
autompgs,0.024038905347760153,[0.00853579],[0.0085594],[0.01359465],[0.02782392],[0.01197884],[0.01449601],[0.00069146]
communities,0.06336441356642152,[0.01546486],[0.04732779],[0.30730189],[0.72815156],[0.0322241],[0.03623873],[0.00954236]
day,0.0002589926213475744,[0.00201765],[0.0002587],[0.00035785],[2.77128868e-05],[0.00022049],[0.00029448],[3.8525186e-05]
housing,0.04477670948671068,[0.00675757],[0.01307257],[0.01564477],[0.079098],[0.0196068],[0.02114958],[0.00085766]
music,0.11279359932392034,[0.00607422],[0.02844927],[0.04163268],[0.03007094],[0.01133696],[0.01160705],[0.00135028]
winequality-red,0.06949825768964805,[0.00196413],[0.0017538],[0.00263826],[0.00231876],[0.00463573],[0.00402064],[0.00024271]
