,test_acc,variance,maple_standard_metric,maple_causal_metric,maple_stability_metric,lime_standard_metric,lime_causal_metric,lime_stability_metric
autompgs,0.14122589752078055,[0.03836253],[0.01435998],[0.02292982],[0.04469097],[0.03379598],[0.03703506],[0.00113849]
communities,0.5354748696088791,[0.04659247],[0.12398896],[0.7813948],[1.98917077],[0.08553747],[0.09295346],[0.02115654]
day,0.001433827419532463,[0.04339318],[0.00142861],[0.00233707],[3.75160714e-05],[0.00124344],[0.00179396],[0.00022723]
housing,0.1382650338113308,[0.05069426],[0.0407419],[0.07128567],[0.19443975],[0.07898131],[0.0904647],[0.00358894]
music,0.754120922088623,[0.04130446],[0.1028545],[0.13828107],[0.09722161],[0.05509313],[0.05910624],[0.00965087]
winequality-red,0.6302339434623718,[0.02347442],[0.00935297],[0.01243236],[0.0095576],[0.0194212],[0.02073365],[0.00098914]
