,test_acc,variance,maple_standard_metric,maple_causal_metric,maple_stability_metric,lime_standard_metric,lime_causal_metric,lime_stability_metric
autompgs,0.021442333424008888,[0.00078382],[0.00377457],[0.00402898],[0.00505061],[0.0070084],[0.00686271],[0.00028761]
communities,0.049127941438046746,[0.00226115],[0.04976252],[0.08358418],[0.34289083],[0.03937218],[0.04086638],[0.01293923]
day,0.008759190468760872,[0.0008083],[0.00030376],[0.00036107],[0.00065772],[0.00037572],[0.0003935],[4.73250986e-05]
housing,0.071039040634277,[0.0008248],[0.01203991],[0.01335364],[0.06388526],[0.01720679],[0.01663971],[0.00073249]
music,0.07962042631131995,[0.00179283],[0.07243685],[0.07356495],[0.06099551],[0.03805124],[0.03802791],[0.00717862]
winequality-red,0.05763613520396916,[0.00029173],[0.0007363],[0.00076528],[0.00020064],[0.0011163],[0.00112698],[5.18565215e-05]
