,test_acc,variance,maple_standard_metric,maple_causal_metric,maple_stability_metric,lime_standard_metric,lime_causal_metric,lime_stability_metric
autompgs,0.05101868781504513,[0.00500603],[0.00356688],[0.00624557],[0.03905788],[0.00528222],[0.00672474],[0.00030963]
communities,0.04058413165588654,[0.00936928],[0.02333745],[0.14798768],[0.41924683],[0.01731607],[0.01853631],[0.00462346]
day,0.0002930938930863744,[0.00113484],[0.00028034],[0.00049908],[0.00037147],[0.00067674],[0.00065072],[2.34622577e-05]
housing,0.0553951086154788,[0.0102191],[0.01698539],[0.04318565],[0.15498675],[0.01819999],[0.02313273],[0.00112711]
music,0.08824386791970143,[0.00952932],[0.04536261],[0.05439227],[0.04923034],[0.03693748],[0.0385693],[0.00387691]
winequality-red,0.06414276090236253,[0.00315292],[0.00315707],[0.00364048],[0.00225099],[0.00394166],[0.00435381],[0.0002131]
