,test_acc,variance,maple_standard_metric,maple_causal_metric,maple_stability_metric,lime_standard_metric,lime_causal_metric,lime_stability_metric
autompgs,0.03851275628084022,[0.00098802],[0.00286653],[0.00316768],[0.00461401],[0.00536583],[0.00536372],[0.00024676]
communities,0.050095567316148594,[0.00231439],[0.02071537],[0.03802443],[0.16739007],[0.02163101],[0.02204522],[0.00630655]
day,0.0011545171991190295,[0.00047149],[0.00052326],[0.00064002],[0.00103309],[0.0007991],[0.00081006],[5.3075587e-05]
housing,0.04889989290195421,[0.00148886],[0.01702229],[0.01758242],[0.06260275],[0.02517705],[0.02432386],[0.00083917]
music,0.07962600922304464,[0.00164349],[0.06139878],[0.06357818],[0.02609885],[0.03320438],[0.03341202],[0.0051232]
winequality-red,0.06593014926102854,[0.0003251],[0.00112637],[0.00115395],[0.00024898],[0.002077],[0.00210967],[6.61764319e-05]
