,maple_stability_metric,lime_stability_metric,maple_causal_metric,lime_causal_metric,variance,maple_standard_metric,lime_standard_metric,test_acc
autompgs,[0.05135357],[0.00120367],[0.02719738],[0.04103023],[0.03931425],[0.01573101],[0.03764721],0.12900249138474462
communities,[2.10371426],[0.02342091],[0.78474416],[0.09655415],[0.05194581],[0.13447215],[0.08775882],0.549020293354988
day,[0.00089113],[0.00020841],[0.00239684],[0.00149949],[0.04238624],[0.00136215],[0.00112084],0.0014647535776020958
housing,[0.19255004],[0.00357624],[0.07388702],[0.09050916],[0.05321922],[0.0349068],[0.07819794],0.13595187813043594
music,[0.11496476],[0.01340159],[0.1806439],[0.07550958],[0.03960902],[0.13822327],[0.06929749],0.7602609783411025
winequality-red,[0.00833061],[0.0008632],[0.01139025],[0.01922495],[0.02235155],[0.00913455],[0.01761803],0.6359517186880111
