,test_acc,variance,maple_standard_metric,maple_causal_metric,maple_stability_metric,lime_standard_metric,lime_causal_metric,lime_stability_metric
autompgs,0.14827686697244646,[0.03079689],[0.00840152],[0.01454711],[0.03353483],[0.02543913],[0.0283105],[0.00079818]
communities,0.5333889275789261,[0.03842585],[0.08710195],[0.51470372],[1.33375091],[0.05774354],[0.06351917],[0.01632192]
day,0.001237812329782173,[0.04292741],[0.00119025],[0.00209501],[0.00047965],[0.00147757],[0.00181038],[0.00021049]
housing,0.146187424659729,[0.05132313],[0.03767395],[0.07793921],[0.23423968],[0.07273866],[0.0854921],[0.00400015]
music,0.7198903858661653,[0.03578116],[0.12341674],[0.15741174],[0.08092947],[0.06650557],[0.07346923],[0.01254461]
winequality-red,0.6618203043937684,[0.01999206],[0.00634794],[0.00788892],[0.00484112],[0.01077266],[0.01204602],[0.00064597]
