{"autompgs": {"TF/autompgs/[200, 200]/0.001/0.1/trial_avg": 0.1694516770541668, "TF/autompgs/[200, 200]/0.001/0.05/trial_avg": 0.16199649274349212, "TF/autompgs/[200, 200]/0.001/0.01/trial_avg": 0.14160582944750785, "TF/autompgs/[200, 200]/0.001/0.005/trial_avg": 0.14204674065113068, "TF/autompgs/[200, 200]/0.001/0.001/trial_avg": 0.14384859427809715}, "communities": {"TF/communities/[400, 400, 400, 400, 400]/0.001/0.1/trial_avg": 0.6217482566833497, "TF/communities/[400, 400, 400, 400, 400]/0.001/0.05/trial_avg": 0.6445488810539246, "TF/communities/[400, 400, 400, 400, 400]/0.001/0.01/trial_avg": 0.606248939037323, "TF/communities/[400, 400, 400, 400, 400]/0.001/0.005/trial_avg": 0.5597322404384613, "TF/communities/[400, 400, 400, 400, 400]/0.001/0.001/trial_avg": 0.5511153042316437}, "day": {"TF/day/[500]/0.001/0.1/trial_avg": 0.012742697028443217, "TF/day/[500]/0.001/0.05/trial_avg": 0.005390587681904435, "TF/day/[500]/0.001/0.01/trial_avg": 0.002228211669716984, "TF/day/[500]/0.001/0.005/trial_avg": 0.0014448791043832898, "TF/day/[500]/0.001/0.001/trial_avg": 0.0012878350680693984}, "housing": {"TF/housing/[100, 100, 100, 100, 100]/0.001/0.1/trial_avg": 0.2615870743989944, "TF/housing/[100, 100, 100, 100, 100]/0.001/0.05/trial_avg": 0.24655408412218094, "TF/housing/[100, 100, 100, 100, 100]/0.001/0.01/trial_avg": 0.230184406042099, "TF/housing/[100, 100, 100, 100, 100]/0.001/0.005/trial_avg": 0.19909832701087, "TF/housing/[100, 100, 100, 100, 100]/0.001/0.001/trial_avg": 0.15450891032814978}, "music": {"TF/music/[500, 500, 500, 500]/0.001/0.1/trial_avg": 0.8238927245140075, "TF/music/[500, 500, 500, 500]/0.001/0.05/trial_avg": 0.7736312687397003, "TF/music/[500, 500, 500, 500]/0.001/0.01/trial_avg": 0.8102867126464843, "TF/music/[500, 500, 500, 500]/0.001/0.005/trial_avg": 0.7368060111999511, "TF/music/[500, 500, 500, 500]/0.001/0.001/trial_avg": 0.7228728234767914}, "winequality-red": {"TF/winequality-red/[300, 300, 300, 300]/0.001/0.1/trial_avg": 0.6553538918495179, "TF/winequality-red/[300, 300, 300, 300]/0.001/0.05/trial_avg": 0.6211640000343323, "TF/winequality-red/[300, 300, 300, 300]/0.001/0.01/trial_avg": 0.6516173124313355, "TF/winequality-red/[300, 300, 300, 300]/0.001/0.005/trial_avg": 0.6348492622375488, "TF/winequality-red/[300, 300, 300, 300]/0.001/0.001/trial_avg": 0.6426665186882019}}