{"autompgs": {"TF/autompgs/[200, 200]/0.001/0.01/trial_avg": 0.1299328556060791, "TF/autompgs/[200, 200]/0.001/0.025/trial_avg": 0.13481032088398934, "TF/autompgs/[200, 200]/0.001/0.05/trial_avg": 0.13605111211538315, "TF/autompgs/[200, 200]/0.001/0.005/trial_avg": 0.12175584611296654, "TF/autompgs/[200, 200]/0.001/0.1/trial_avg": 0.131028805822134, "TF/autompgs/[200, 200]/0.001/0.001/trial_avg": 0.13687489351034166}, "communities": {"TF/communities/[400, 400, 400, 400, 400]/0.001/0.01/trial_avg": 0.5529226204156875, "TF/communities/[400, 400, 400, 400, 400]/0.001/0.025/trial_avg": 0.5431376254558564, "TF/communities/[400, 400, 400, 400, 400]/0.001/0.001/trial_avg": 0.5305680828332902, "TF/communities/[400, 400, 400, 400, 400]/0.001/0.005/trial_avg": 0.5216925497055054, "TF/communities/[400, 400, 400, 400, 400]/0.001/0.1/trial_avg": 0.5794835352897644, "TF/communities/[400, 400, 400, 400, 400]/0.001/0.05/trial_avg": 0.5795874309539795}, "day": {"TF/day/[500]/0.001/0.005/trial_avg": 0.0005931830736808478, "TF/day/[500]/0.001/0.01/trial_avg": 0.00014218539674766355, "TF/day/[500]/0.001/0.1/trial_avg": -0.004930463202763351, "TF/day/[500]/0.001/0.001/trial_avg": 0.0008420063288416713, "TF/day/[500]/0.001/0.05/trial_avg": -0.002299277875572444, "TF/day/[500]/0.001/0.025/trial_avg": -0.0008249687473289673}, "housing": {"TF/housing/[100, 100, 100, 100, 100]/0.001/0.1/trial_avg": 0.23119044244289397, "TF/housing/[100, 100, 100, 100, 100]/0.001/0.025/trial_avg": 0.17930680125951767, "TF/housing/[100, 100, 100, 100, 100]/0.001/0.001/trial_avg": 0.1648399682879448, "TF/housing/[100, 100, 100, 100, 100]/0.001/0.005/trial_avg": 0.14134865355491638, "TF/housing/[100, 100, 100, 100, 100]/0.001/0.01/trial_avg": 0.1942246569097042, "TF/housing/[100, 100, 100, 100, 100]/0.001/0.05/trial_avg": 0.2585752663016319}, "music": {"TF/music/[500, 500, 500, 500]/0.001/0.001/trial_avg": 0.7154661463737488, "TF/music/[500, 500, 500, 500]/0.001/0.025/trial_avg": 0.7618859088420868, "TF/music/[500, 500, 500, 500]/0.001/0.01/trial_avg": 0.7483843257427215, "TF/music/[500, 500, 500, 500]/0.001/0.005/trial_avg": 0.7340093905925751, "TF/music/[500, 500, 500, 500]/0.001/0.1/trial_avg": 0.7714727842807769, "TF/music/[500, 500, 500, 500]/0.001/0.05/trial_avg": 0.7308666479587554}, "winequality-red": {"TF/winequality-red/[300, 300, 300, 300]/0.001/0.1/trial_avg": 0.6154507005214691, "TF/winequality-red/[300, 300, 300, 300]/0.001/0.001/trial_avg": 0.6682282971382141, "TF/winequality-red/[300, 300, 300, 300]/0.001/0.005/trial_avg": 0.6223551149368287, "TF/winequality-red/[300, 300, 300, 300]/0.001/0.025/trial_avg": 0.6298190689086914, "TF/winequality-red/[300, 300, 300, 300]/0.001/0.05/trial_avg": 0.6520496201515198, "TF/winequality-red/[300, 300, 300, 300]/0.001/0.01/trial_avg": 0.625247376203537}}