{"autompgs": {"TF/autompgs/[100]/0.0001/2500.0/trial_avg": 0.1450704683860143, "TF/autompgs/[100, 100]/0.0001/2500.0/trial_avg": 0.11883734911680222}}