{"acc": 0.9166666412353516, "standard": 9.798823358554937e-16, "causal": 8.958842954598367e-06, "stability": 0.0008994110775549618}