{"acc": 91.22807312011719, "maple_pf": 0.0061390510509864585, "maple_nf": 0.017825562897867738, "maple_s": 0.09275879060644643, "lime_pf": 0.010447514952205611, "lime_nf": 0.01035750932343539, "lime_s": 0.0009318802938268556}