{"acc": 0.9444444274902344, "maple_pf": 0.0044357514848570485, "maple_nf": 0.020799689790773995, "maple_s": 0.12965965185419515, "lime_pf": 0.010781373519564427, "lime_nf": 0.010854779758717977, "lime_s": 0.0007850814462984676}