{"acc": 96.49122619628906, "maple_pf": 0.004219163431585474, "maple_nf": 0.020457977443589848, "maple_s": 0.17879445447574466, "lime_pf": 0.02942466083087478, "lime_nf": 0.030121483925996093, "lime_s": 0.0008232764892119705}