{"acc": 0.9722222137451172, "maple_pf": 0.00531744214793745, "maple_nf": 0.010873016015048658, "maple_s": 0.05901696472943621, "lime_pf": 0.012174186431427259, "lime_nf": 0.012426651115454636, "lime_s": 0.0005925734072338606}