,test_acc,standard_metric,causal_metric,stability_metric
autompgs,0.2610275954008102,0.12992365854480362,0.14924039361469274,0.07842142778697078
communities,0.6236672580242157,0.276268955768082,0.4564637787050079,1.643038802109524
crimes,0.45710270293056965,0.2500154879594354,0.39850084637971067,1.4186129078738334
day,0.0025075120327528564,0.0021442772968119227,0.002346328161625164,0.00012944149854246788
happiness,0.000911252570222132,0.0005116403822631644,0.0008213798853732403,4.96696250690944e-06
housing,0.15560411587357523,0.10844352390219417,0.12565039530149683,0.22995742684618728
music,1.1244925439357758,0.45066255881993855,0.480121910726783,0.17172129494339253
winequality-red,0.8502649068832397,0.2721963937355061,0.2832545651363373,0.018956551503906256
