,test_acc,standard_metric,causal_metric,stability_metric
autompgs,0.2682097375392914,0.18704801428394321,0.22716676100216332,0.052861819333558546
communities,0.653220722079277,0.2752207504925129,0.41564613160081687,1.180009786579211
crimes,0.6136504158377647,0.559855231829857,0.7438436023570855,0.5334825434306176
day,0.0062610392691567545,0.005465714637551541,0.0073352186692677455,0.00037453486422284014
happiness,0.012833438860252499,0.005832235082457638,0.00600644927113724,4.523228025556604e-05
housing,0.17194318994879723,0.11494013312258385,0.12640956856713848,0.19465734215307226
music,0.9955759048461914,0.48757475049306087,0.5003395145349648,0.13019224851339403
winequality-red,0.9138919591903687,0.34757522404692137,0.35771592593168905,0.024394712976996767
