"Dataset","Acc","Standard","Causal","Stability"
"autompgs",0.26103,0.12992,0.14924,0.07842
"communities",0.62367,0.27627,0.45646,1.64304
"crimes",0.4571,0.25002,0.3985,1.41861
"day",0.00251,0.00214,0.00235,0.00013
"happiness",0.00091,0.00051,0.00082,0
"housing",0.1556,0.10844,0.12565,0.22996
"music",1.12449,0.45066,0.48012,0.17172
"winequality-red",0.85026,0.2722,0.28325,0.01896
