{"acc": 0.8888888549804688, "standard": 1.1842498925669197e-15, "causal": 5.571267320192419e-05, "stability": 0.0033176294648405423}