{"support2": {"TF/support2/[100]/0.001/2500.0/trial_avg": 0.8492544889450073, "TF/support2/[100]/0.001/5000.0/trial_avg": 0.833483099937439, "TF/support2/[100]/0.001/7500.0/trial_avg": 0.8434296250343323, "TF/support2/[100]/0.001/10000.0/trial_avg": 0.8392983078956604, "TF/support2/[100]/0.001/25000.0/trial_avg": 0.8256049156188965, "TF/support2/[100]/0.001/50000.0/trial_avg": 0.8228740096092224, "TF/support2/[100]/0.001/75000.0/trial_avg": 0.8211808204650879, "TF/support2/[150]/0.001/2500.0/trial_avg": 0.8551532030105591, "TF/support2/[150]/0.001/5000.0/trial_avg": 0.8501829504966736, "TF/support2/[150]/0.001/7500.0/trial_avg": 0.8433557152748108, "TF/support2/[150]/0.001/10000.0/trial_avg": 0.84406578540802, "TF/support2/[150]/0.001/25000.0/trial_avg": 0.8319951891899109, "TF/support2/[150]/0.001/50000.0/trial_avg": 0.8251667618751526, "TF/support2/[150]/0.001/75000.0/trial_avg": 0.8217816352844238, "TF/support2/[200]/0.001/2500.0/trial_avg": 0.856627881526947, "TF/support2/[200]/0.001/5000.0/trial_avg": 0.8521491885185242, "TF/support2/[200]/0.001/7500.0/trial_avg": 0.8467966318130493, "TF/support2/[200]/0.001/10000.0/trial_avg": 0.8456496596336365, "TF/support2/[200]/0.001/25000.0/trial_avg": 0.8323774933815002, "TF/support2/[200]/0.001/50000.0/trial_avg": 0.8327051997184753, "TF/support2/[200]/0.001/75000.0/trial_avg": 0.8225463032722473, "TF/support2/[250]/0.001/2500.0/trial_avg": 0.8563547730445862, "TF/support2/[250]/0.001/5000.0/trial_avg": 0.8541700839996338, "TF/support2/[250]/0.001/7500.0/trial_avg": 0.8499099016189575, "TF/support2/[250]/0.001/10000.0/trial_avg": 0.853350818157196, "TF/support2/[250]/0.001/25000.0/trial_avg": 0.8400786519050598, "TF/support2/[250]/0.001/50000.0/trial_avg": 0.8300478458404541, "TF/support2/[250]/0.001/75000.0/trial_avg": 0.826642632484436, "TF/support2/[300]/0.001/2500.0/trial_avg": 0.8620350360870361, "TF/support2/[300]/0.001/5000.0/trial_avg": 0.8576656579971313, "TF/support2/[300]/0.001/7500.0/trial_avg": 0.8581629991531372, "TF/support2/[300]/0.001/10000.0/trial_avg": 0.8546616435050964, "TF/support2/[300]/0.001/25000.0/trial_avg": 0.8402425050735474, "TF/support2/[300]/0.001/50000.0/trial_avg": 0.8307389616966248, "TF/support2/[300]/0.001/75000.0/trial_avg": 0.8295373916625977, "TF/support2/[100, 100]/0.001/2500.0/trial_avg": 0.8541154861450195, "TF/support2/[100, 100]/0.001/5000.0/trial_avg": 0.8454858064651489, "TF/support2/[100, 100]/0.001/7500.0/trial_avg": 0.846160888671875, "TF/support2/[100, 100]/0.001/10000.0/trial_avg": 0.8364738821983337, "TF/support2/[100, 100]/0.001/25000.0/trial_avg": 0.8228740096092224, "TF/support2/[100, 100]/0.001/50000.0/trial_avg": 0.8217648863792419, "TF/support2/[100, 100]/0.001/75000.0/trial_avg": 0.8122780919075012, "TF/support2/[150, 150]/0.001/2500.0/trial_avg": 0.8558086156845093, "TF/support2/[150, 150]/0.001/5000.0/trial_avg": 0.8494183421134949, "TF/support2/[150, 150]/0.001/7500.0/trial_avg": 0.8363100290298462, "TF/support2/[150, 150]/0.001/10000.0/trial_avg": 0.8476158976554871, "TF/support2/[150, 150]/0.001/25000.0/trial_avg": 0.8259326219558716, "TF/support2/[150, 150]/0.001/50000.0/trial_avg": 0.8261510729789734, "TF/support2/[150, 150]/0.001/75000.0/trial_avg": 0.8211808204650879, "TF/support2/[200, 200]/0.001/2500.0/trial_avg": 0.8668414354324341, "TF/support2/[200, 200]/0.001/5000.0/trial_avg": 0.8483805656433105, "TF/support2/[200, 200]/0.001/7500.0/trial_avg": 0.8451035022735596, "TF/support2/[200, 200]/0.001/10000.0/trial_avg": 0.8385854363441467, "TF/support2/[200, 200]/0.001/25000.0/trial_avg": 0.8355337977409363, "TF/support2/[200, 200]/0.001/50000.0/trial_avg": 0.8263149261474609, "TF/support2/[200, 200]/0.001/75000.0/trial_avg": 0.828117311000824, "TF/support2/[250, 250]/0.001/2500.0/trial_avg": 0.8572036623954773, "TF/support2/[250, 250]/0.001/5000.0/trial_avg": 0.8603419065475464, "TF/support2/[250, 250]/0.001/7500.0/trial_avg": 0.8523130416870117, "TF/support2/[250, 250]/0.001/10000.0/trial_avg": 0.8405156135559082, "TF/support2/[250, 250]/0.001/25000.0/trial_avg": 0.8305026888847351, "TF/support2/[250, 250]/0.001/50000.0/trial_avg": 0.8251133561134338, "TF/support2/[250, 250]/0.001/75000.0/trial_avg": 0.8243486881256104, "TF/support2/[300, 300]/0.001/2500.0/trial_avg": 0.8597957491874695, "TF/support2/[300, 300]/0.001/5000.0/trial_avg": 0.8480339646339417, "TF/support2/[300, 300]/0.001/7500.0/trial_avg": 0.8549076914787292, "TF/support2/[300, 300]/0.001/10000.0/trial_avg": 0.8470697402954102, "TF/support2/[300, 300]/0.001/25000.0/trial_avg": 0.8359823226928711, "TF/support2/[300, 300]/0.001/50000.0/trial_avg": 0.8243486881256104, "TF/support2/[300, 300]/0.001/75000.0/trial_avg": 0.8288273811340332, "TF/support2/[100, 100, 100]/0.001/2500.0/trial_avg": 0.8526315689086914, "TF/support2/[100, 100, 100]/0.001/5000.0/trial_avg": 0.8418810367584229, "TF/support2/[100, 100, 100]/0.001/7500.0/trial_avg": 0.8310666680335999, "TF/support2/[100, 100, 100]/0.001/10000.0/trial_avg": 0.8277350068092346, "TF/support2/[100, 100, 100]/0.001/25000.0/trial_avg": 0.8269703388214111, "TF/support2/[100, 100, 100]/0.001/50000.0/trial_avg": 0.8205800652503967, "TF/support2/[100, 100, 100]/0.001/75000.0/trial_avg": 0.8156644105911255, "TF/support2/[150, 150, 150]/0.001/2500.0/trial_avg": 0.8514391779899597, "TF/support2/[150, 150, 150]/0.001/5000.0/trial_avg": 0.8436901569366455, "TF/support2/[150, 150, 150]/0.001/7500.0/trial_avg": 0.8430280089378357, "TF/support2/[150, 150, 150]/0.001/10000.0/trial_avg": 0.8362007737159729, "TF/support2/[150, 150, 150]/0.001/25000.0/trial_avg": 0.8278988599777222, "TF/support2/[150, 150, 150]/0.001/50000.0/trial_avg": 0.8163744807243347, "TF/support2/[150, 150, 150]/0.001/75000.0/trial_avg": 0.8213446736335754, "TF/support2/[200, 200, 200]/0.001/2500.0/trial_avg": 0.8566150665283203, "TF/support2/[200, 200, 200]/0.001/5000.0/trial_avg": 0.8506745100021362, "TF/support2/[200, 200, 200]/0.001/7500.0/trial_avg": 0.851655900478363, "TF/support2/[200, 200, 200]/0.001/10000.0/trial_avg": 0.8387132287025452, "TF/support2/[200, 200, 200]/0.001/25000.0/trial_avg": 0.8263576626777649, "TF/support2/[200, 200, 200]/0.001/50000.0/trial_avg": 0.8246250748634338, "TF/support2/[200, 200, 200]/0.001/75000.0/trial_avg": 0.8169206380844116, "TF/support2/[250, 250, 250]/0.001/2500.0/trial_avg": 0.8528046607971191, "TF/support2/[250, 250, 250]/0.001/5000.0/trial_avg": 0.8478344082832336, "TF/support2/[250, 250, 250]/0.001/7500.0/trial_avg": 0.8502922058105469, "TF/support2/[250, 250, 250]/0.001/10000.0/trial_avg": 0.8367469310760498, "TF/support2/[250, 250, 250]/0.001/25000.0/trial_avg": 0.8311213254928589, "TF/support2/[250, 250, 250]/0.001/50000.0/trial_avg": 0.8165383338928223, "TF/support2/[250, 250, 250]/0.001/75000.0/trial_avg": 0.8174667954444885, "TF/support2/[300, 300, 300]/0.001/2500.0/trial_avg": 0.8538423776626587, "TF/support2/[300, 300, 300]/0.001/5000.0/trial_avg": 0.8460320234298706, "TF/support2/[300, 300, 300]/0.001/7500.0/trial_avg": 0.8386585712432861, "TF/support2/[300, 300, 300]/0.001/10000.0/trial_avg": 0.8486536741256714, "TF/support2/[300, 300, 300]/0.001/25000.0/trial_avg": 0.8307936191558838, "TF/support2/[300, 300, 300]/0.001/50000.0/trial_avg": 0.8210169672966003, "TF/support2/[300, 300, 300]/0.001/75000.0/trial_avg": 0.8152821063995361}}