{"acc": 0.9444444274902344, "standard": 1.0027665191123447e-15, "causal": 2.3369571863440797e-05, "stability": 0.0015556037767459605}