{"msd": {"TF/msd/[100, 100, 100, 100, 100]/0.001/0.1/trial_avg": 0.6054073297977447, "TF/msd/[100, 100, 100, 100, 100]/0.001/0.005/trial_avg": 0.5585615808963776, "TF/msd/[100, 100, 100, 100, 100]/0.001/0.05/trial_avg": 0.5972431194782257, "TF/msd/[100, 100, 100, 100, 100]/0.001/0.01/trial_avg": 0.572257303237915, "TF/msd/[100, 100, 100, 100, 100]/0.001/0.001/trial_avg": 0.5656303094863891}}