{"msd": {"TF/msd/[100, 100, 100, 100, 100]/0.001/0.1/trial_avg": 0.5517422103881836, "TF/msd/[100, 100, 100, 100, 100]/0.001/0.001/trial_avg": 0.5688338743686676, "TF/msd/[100, 100, 100, 100, 100]/0.001/0.05/trial_avg": 0.554293007850647, "TF/msd/[100, 100, 100, 100, 100]/0.001/0.01/trial_avg": 0.557347475528717, "TF/msd/[100, 100, 100, 100, 100]/0.001/0.005/trial_avg": 0.5624914104938508, "TF/msd/[100, 100, 100, 100, 100]/0.001/0.0025/trial_avg": 0.5694205996990204, "TF/msd/[100, 100, 100, 100, 100]/0.001/0.025/trial_avg": 0.5499970054626465}}