,acc,maple_pf,maple_nf,maple_s,lime_pf,lime_nf,lime_s
cancer,0.03289969304967506,0.0023945501743284367,0.004787551434812264,0.043986563658372536,0.004285020820720983,0.0044988477609228346,0.00012449515273851234
