,acc,standard,causal,stability
cancer,0.033256084978216256,2.306356759941867e-16,1.3550267843866009e-05,0.0008512726013377968
