,acc,standard,causal,stability
cancer,0.9138888854980468,1.0167763805324596e-15,3.1028266676003113e-05,0.002096726700034424
