,acc,maple_pf,maple_nf,maple_s,lime_pf,lime_nf,lime_s
cancer,89.21052627563476,0.004604795094557673,0.01489541469273375,0.08056796282019141,0.009081497108737008,0.009325060490152227,0.0007787474522417991
