"Dataset","Acc","Standard","Causal","Stability"
"autompgs",0.01477,0.00178,0.00054,0.12923
"communities",0.40022,0.98848,0.80917,0.79868
"crimes",0.46092,0.02138,0.05633,0.67464
"day",0.08815,0.05847,0.03697,0.61191
"happiness",0.07638,0.02964,0.01813,0.11243
"housing",0.62351,0.64885,0.77256,0.75939
"music",0.39055,0.39915,0.38138,0.77667
"winequality-red",0.0104,0,0,0.00223
